from_name,TFI_minutes_peak,TFI_minutes_offpeak,TFI_minutes,walk_time_sec,avg_wait_sec_peak,avg_wait_sec_offpeak,avg_walk_dist_m
VOC NAGAR,90.11189479118202,91.66745034673758,90.88967256895981,366.71368747092123,3600.0,3666.6666666666665,440.05642496510546
VEPPAMPATTU,87.05858444096181,106.80082653268855,96.92970548682518,207.799591961313,3695.0,4428.75,249.35951035357556
PATTARAVAKKAM,77.76556795757163,137.82717521098397,107.79637158427781,195.13051265903815,3300.0,5767.5,234.15661519084574
PERAMBUR LOCO WORKS,56.869693178843434,70.34469317884341,63.60719317884343,262.1815907306059,2250.0,2827.5,314.61790887672703
TAMBARAM SANATORIUM,46.06728591798421,58.42961808406494,52.24845200102457,245.02759465111538,1818.8300150545497,2351.890484888043,294.0331135813384
GUDUVANCHERI,40.76438676739832,80.86038554517948,60.8123861562889,349.262814377826,1538.035503321321,3241.717178276269,419.1153772533912
TONDIARPET,38.172469670385915,42.08748406375765,40.12997686707178,299.85437587976736,1479.6521549206434,1646.429963022847,359.82525105572086
KORATTUR,38.0441501740899,43.20804286159695,40.62609651784343,250.34495319422527,1525.7359724742892,1751.9891052192295,300.41394383307033
TIRUVANMIYUR,37.9942542868681,49.8621751796324,43.92821473325024,259.81967843770235,1463.0214755752415,1981.455467854404,311.7836141252428
NERHU NAGAR ENNORE,34.74627094832337,35.57517688647059,35.16072391739698,289.205732678201,1368.076923076923,1389.6938775510205,347.04687921384124
ENNORE B.T,34.377604735354076,32.774061012746635,33.575832874050356,275.49835734999385,1368.076923076923,1286.9858712715857,330.59802881999263
TONDIARPET-2 DEPOT,33.877070137454176,37.878576006291,35.87782307187259,395.3481684567682,1207.6923076923076,1371.2087912087911,474.4178021481219
E.P.T.S QUARTERS,33.54746438993081,34.23075421781294,33.88910930387188,244.63291622872703,1368.076923076923,1389.6938775510205,293.5594994744724
KANNAN STREET,33.38391758070111,38.35438617926903,35.86915187998507,406.5115082727796,1174.7619047619048,1379.6399345335515,487.8138099273356
WALAJABAD B.T,33.30929362271319,33.67873806715764,33.49401584493541,392.13802094120484,1186.6666666666667,1202.5,470.5656251294458
SEKKADU,33.04469205980981,33.41413650425425,33.22941428203203,382.3681170801571,1186.6666666666667,1202.5,458.8417404961885
VYASARPADI JEEVA,32.924589759271164,44.704015230078824,38.814302494675,216.6506543412835,1332.0892857142858,1801.9667892963637,259.9807852095402
TIRUVALLIKENI,32.762540695154904,50.96861853407052,41.86557961461271,242.393319243131,1306.8996350516486,2081.702428225949,290.8719830917572
KATTANGULATUR,32.5762954525884,56.34977480189906,44.46303512724373,391.5051088133364,1160.2229437229437,2174.488643872707,469.8061305760037
TONDIARPET KARUMARIAMMAN TEMPLE,32.32967859889356,36.44685195699865,34.388265277946104,338.0792064850743,1207.6923076923076,1371.2087912087911,405.69504778208903
MINJUR MARKET,31.855635073849722,30.222164603586013,31.038899838717867,241.13904132665326,1303.186813186813,1223.8222646918298,289.36684959198385
CHROMEPET,31.8417056317322,58.478575361178564,45.160140496455384,84.56179991828078,1417.0771573721026,2546.145158996268,101.47415990193694
MANAVALAN NAGAR,31.760800170462886,29.707858248683,30.734329209572945,305.233026963676,1221.3333333333333,1133.1410256410256,366.2796323564111
POST OFFICE ENNORE,31.758462998633064,32.22444718864071,31.99145509363689,178.1160707177299,1368.076923076923,1389.6938775510205,213.73928486127588
GOVERNMENT SCHOOL - NEAR THIRUNINRAVUR,31.73588759413598,30.69435766685982,31.215122630497902,366.1188784156491,1153.469387755102,1107.8231723888034,439.3426540987789
SINGAPERUMALKOIL,31.426020883526835,61.729271894216716,46.57764638887178,230.8892943736945,1244.107142857143,2528.054870804871,277.06715324843344
HINDU COLLEGE,30.731095020930187,52.53023920384451,41.63066711238735,193.79774687445664,1273.850808227625,2224.045514354441,232.55729624934796
ERNAVOOR KUPPAM,30.201209767807615,30.19859025720278,30.199900012505196,120.21585158979623,1368.076923076923,1389.6938775510205,144.25902190775548
A3-Near Chindadaripet Railway Station ,29.99341290241574,38.89675979408655,34.445086348251145,192.96927236349524,1263.9681851687428,1650.9386911469064,231.56312683619427
THIRUNINRAVUR SRI LAKSHMI THEATRE,29.882521823186067,28.76715261073365,29.324837216959857,294.9579856288204,1153.469387755102,1107.8231723888034,353.94958275458447
A1-Near Multispeciality Hospital,29.8753093328601,42.19900009145333,36.03715471215671,183.4257385717646,1266.908344760911,1800.746798751592,220.1108862861175
B2-Near Richie Street,29.545668416835053,38.58617687633417,34.06592264658462,198.2297547337433,1239.3412378053013,1627.0455785955446,237.87570568049193
SAIDAPET,29.516082015009324,47.99165656944093,38.75386929222512,306.2664091079515,1114.2573484411973,1903.3125229592854,367.51969092954187
R1,29.031375702917384,79.31116210984871,54.17126890638304,153.67652425214564,1246.6235422157017,3355.6319231224898,184.41182910257476
E2-Near Chennai Higher Secondary School,29.00066970462384,32.03613284627444,30.518401275449143,308.8839737435653,1049.0963598698893,1189.3065803327515,370.66076849227835
E3-Near Apollo Hospital,29.000669704623835,32.03613284627444,30.518401275449143,308.8839737435653,1049.0963598698893,1189.3065803327515,370.66076849227835
THIRUNINRAVUR BUS TERMINUS,28.804163196939243,27.6463003441927,28.225231770565973,253.6022399716178,1153.4693877551022,1107.8231723888034,304.3226879659413
B1-Near Kalaivanar Arangam,28.747102217937016,42.37643465864881,35.56176843829291,193.44408122221904,1206.0757269959695,1788.6235822062515,232.13289746666285
KARIMEDU,28.660674840810472,32.98706372969936,30.823869285254915,381.0259579696727,1000.0,1185.4166666666667,457.23114956360723
LADY WILLINGDON COLLEGE OF EDUCATION,28.1525279776666,28.206374131512757,28.179451054589677,395.7197991624977,960.0,962.3076923076923,474.8637589949971
KORUKKUPET BUS STAND,28.058396711193954,32.91784065312695,30.48811868216045,208.18316124192245,1174.7619047619048,1379.6399345335515,249.8197934903069
A4,27.560336650875914,37.092991737971566,32.32666419442374,238.00162904270303,1099.2069901121022,1506.4391573363657,285.6019548512436
CHEPAUK,27.495839296122575,46.20664372541338,36.85124151076798,206.18109110747952,1112.2582716373283,1916.5083458555396,247.41730932897545
CHINTADARIPET,27.495839296122575,46.20664372541338,36.85124151076798,206.18109110747952,1112.2582716373283,1916.5083458555396,247.41730932897545
TIRUNINRAVUR,27.378711777717964,44.53997338102754,35.95934257937275,244.5658853316391,1120.3491024374175,1800.0751088641546,293.4790623979669
AVADI GOVERNMENT HOSPITAL,27.284708579059757,30.825944086718987,29.05532633288937,413.1230746811987,910.0378787878789,1058.5007072135784,495.74768961743865
VILLIVAKKAM,27.177956678146742,36.18448801413918,31.68122234614296,319.42731363451605,1018.938596491228,1386.2713652356001,383.31277636141925
THARAMANI WATER TANK,27.13366004324128,27.13366004324128,27.13366004324128,416.0112014825583,900.0,900.0,499.21344177907
CHINTHATHRIPET RAILWAY STATION,27.132303985692307,27.132303985692307,27.132303985692307,415.96470808087895,900.0,900.0,499.1576496970548
EKKATUTTHANGAL THAI MEDICALS,27.037359509071845,27.037359509071845,27.037359509071845,412.7094688824632,900.0,900.0,495.25136265895577
PALLAVARAM DHARGA ROAD,26.951373738808524,26.951373738808524,26.951373738808524,409.76138533057804,900.0,900.0,491.71366239669356
SWAMY PANDARAM STREET,26.94248517955215,26.94248517955215,26.94248517955215,409.45663472750243,900.0,900.0,491.34796167300294
PONNERI,26.939071233280067,45.580697633118575,36.25988443319932,409.33958514103085,900.0,1680.0,491.207502169237
PONNERI TALUK OFFICE,26.939071233280064,28.080815950028605,27.509943591654334,409.3395851410308,900.0,942.622950819672,491.207502169237
BUILDERS INDUSTRY,26.84740134129121,26.84740134129121,26.84740134129121,406.1966174156987,900.0,900.0,487.43594089883845
MUTHAPUDUPET ELLAIAMMAN TEMPLE,26.839054328047798,26.839054328047798,26.839054328047798,405.910434104496,900.0,900.0,487.0925209253952
T.NAGAR VIVEKS AND COMPANY,26.802555524352496,26.802555524352496,26.802555524352496,404.6590465492284,900.0,900.0,485.59085585907405
THANTHI PERIYAR PARK,26.773935838136357,26.773935838136357,26.773935838136357,403.67780016467503,900.0,900.0,484.41336019761
MAMBALAM,26.64937167279775,37.30702468149034,31.978198177144044,274.14968515308345,1003.3940049612041,1468.2868942161783,328.97962218370014
WATER TANK OR KC SANKARALINGA NADAR HIGH SCHOOL,26.600552899590117,26.600552899590117,26.600552899590117,397.733242271661,900.0,900.0,477.2798907259932
KASTURBA NAGAR,26.551642880970903,30.576455159158503,28.5640490200647,227.02480691031923,1046.5197033803422,1230.118604984863,272.4297682923831
A1-Near DMS Office,26.48042415768979,33.50839706105969,29.99441060937474,229.35121152210223,1050.2991026105874,1348.9223493119846,275.22145382652263
AG-DMS,26.480424157689786,33.508397061059696,29.994410609374736,229.35121152210223,1050.2991026105874,1348.9223493119846,275.22145382652263
KAIVELI,26.411167701585054,26.411167701585054,26.411167701585054,391.2400354829161,900.0,900.0,469.4880425794993
APOLLO HOSPITAL,26.398312954787063,26.398312954787063,26.398312954787063,390.799301306985,900.0,900.0,468.959161568382
PATTABIRAM THANGAMANI SCHOOL,26.24799733209966,32.16384152605577,29.205919429077717,413.6726732324892,865.4464285714286,1116.7374959136973,496.407207878987
ATTIPATTU PUDU NAGAR,26.21414355628018,26.21414355628018,26.21414355628018,384.48492192960623,900.0,900.0,461.38190631552754
A3-Near Kamarajar Arangam,26.168527338822685,33.51715522859335,29.842841283708015,191.64966379661269,1050.2991026105874,1348.9223493119846,229.9795965559352
TONDIARPET APOLLO HOSPITAL,26.158871410423483,26.158871410423483,26.158871410423483,382.589876928805,900.0,900.0,459.107852314566
DIABETES,26.12459875496769,26.12459875496769,26.12459875496769,381.41481445603495,900.0,900.0,457.697777347242
A2,26.11630769139671,39.546212299455455,32.83125999542609,251.1921187324063,1014.5345336781666,1594.0181999686176,301.43054247888756
THYAGARAYA NAGAR BUS TERMINUS,26.107626289249822,26.107626289249822,26.107626289249822,380.8329013457082,900.0,900.0,456.9994816148498
CHINDADRIPET PODIKKADAI,26.083714009400754,26.083714009400754,26.083714009400754,380.01305175088294,900.0,900.0,456.01566210105955
EXPRESS AVENUE,25.995364893624295,25.995364893624295,25.995364893624295,376.98393920997586,900.0,900.0,452.380727051971
MANTHOPPU HR SEC SCHOOL,25.954582322569006,25.954582322569006,25.954582322569006,375.58567963093736,900.0,900.0,450.7028155571248
MARAIMALAI NAGAR,25.858779983225848,27.202369691212496,26.53057483721917,394.9832445369322,875.0,923.6538461538462,473.97989344431863
APOLLO OR CHOLERA HOSPITAL,25.854436299503742,25.854436299503742,25.854436299503742,372.1521016972711,900.0,900.0,446.5825220367253
QUAID E MILLATH ARTS COLLEGE,25.850405852482012,25.850405852482012,25.850405852482012,372.0139149422404,900.0,900.0,446.4166979306884
KALYANI HOSPITAL CITY CENTRE,25.706074151790347,26.708788871371862,26.207431511581103,364.7268360369187,901.038961038961,938.3510038348747,437.6722032443024
KOLATHUR SILANTHIKUTTAI,25.69466515854493,25.69466515854493,25.69466515854493,366.67423400725477,900.0,900.0,440.0090808087057
KATTANKULATHUR,25.63937401952761,27.360574910288147,26.49997446490788,391.50510881333645,870.5555555555555,933.75,469.80613057600374
EGMORE COURT,25.611903690534916,25.611903690534916,25.611903690534916,363.8366979611971,900.0,900.0,436.60403755343646
CORONATION NAGAR ENNORE HIGH ROAD,25.486470463596646,27.358156136658035,26.422313300127342,389.08526876791956,867.2222222222222,935.1612903225806,466.90232252150344
ATHIPATTU PUDHU NAGAR,25.425779864832975,27.37024001778923,26.398009941311102,384.4849219296063,870.0,942.3728813559322,461.3819063155275
THIRUNINRAVUR JAYA COLLEGE,25.375383506845463,30.053297852610484,27.714340679727975,282.15243787341734,974.2857142857143,1177.1184668989547,338.58292544810075
SWAMY NAIKEN STREET,25.361459848887517,26.180310837603603,25.77088534324556,373.2647485737877,879.4405594405594,910.517023959647,447.9176982885452
PATTABIRAM 'E' DEPOT,25.339579867057644,34.711330803157615,30.025455335107626,309.4980852306353,945.7205913073909,1320.8552991913712,371.3977022767624
TONDIARPET ELAYA STREET,25.31909065356366,27.180294249875363,26.24969245171951,383.18239600804606,867.2222222222222,935.1612903225806,459.8188752096553
AMBATTUR UZHAVAR SANTHAI,25.280631926284233,29.977608699381268,27.62912031283275,409.48088123299607,829.8544698544698,1029.193899782135,491.3770574795952
AMINJIKARAI,25.2561406225342,25.2561406225342,25.2561406225342,351.6391070583154,900.0,900.0,421.9669284699785
GIRLS HIGHER SCHOOL,25.20320785209417,29.905261854900843,27.554234853497505,406.7119343252887,829.8544698544698,1029.193899782135,488.05432119034646
CORONATION NAGAR,25.18198835193165,27.03399467615972,26.107991514045683,378.34730005794313,867.2222222222222,935.1612903225806,454.01676006953176
THARAMANI SPASTIC SOCITY SCHOOL,25.147258170561173,27.066067970460107,26.10666307051064,389.53582697432086,853.6363636363636,924.4262295081967,467.44299236918505
VEPPAMBAATTU,25.111545463773922,27.80886485461565,26.460205159194782,262.14134484018876,985.7142857142857,1105.1435818461816,314.5696138082265
AVADI MARKET,25.110885743197436,28.049478208226652,26.580181975712044,329.97091030042003,908.6038961038961,1035.8577490402101,395.965092360504
NANGANALLUR MARKET,25.044140832774943,25.913167389517128,25.478654111146035,408.9318429706582,822.0,861.2007874015748,490.7182115647897
PATTABIRAM AMBEDKAR STATUE,25.011365196899092,29.63584704705894,27.323606121979015,362.0633878957297,873.125,1068.5736079328756,434.4760654748756
PAZHAVANTHANGAL TRIENT HOTEL,25.003370488172365,25.771249945303424,25.387310216737898,399.93524035049654,830.6666666666666,865.511811023622,479.9222884205958
NEW PERUNGALATHUR SRIRAM GATE,24.988093977649285,25.78213108696271,25.385112532305996,369.87868098683526,868.8721804511277,899.7773654916512,443.85441718420225
TRIPLICANE QUEEN MARYS COLLEGE,24.978378372397465,25.03156576722816,25.004972069812812,296.98549109532865,950.0,951.9230769230768,356.38258931439435
PAZAVANTHANGAL TRIDENT HOTEL,24.89922560936901,25.766812286935277,25.333018948152144,403.8298687513946,822.0,861.2007874015748,484.5958425016735
URAPPAKAM,24.888739287621,25.834962277308712,25.36185078246486,368.07522100823377,867.0676691729324,903.657142857143,441.6902652098805
ROYAPURAM MARKET,24.845077840338856,27.616931904430896,26.23100487238488,370.61971758422817,862.1052631578948,969.1185410334347,444.74366110107377
TIRUVOTTIYUR ODEANMANI THEATER,24.83578205606583,25.960095339572682,25.397938697819257,391.11011442966384,837.3694444444445,880.9769123582548,469.3321373155965
SIVALINGAPURAM TEMPLE,24.82820139780843,28.70810856625248,26.768154982030456,377.88936355122456,848.5714285714286,1010.4910327767471,453.4672362614695
THYAGARAYA NAGAR BUS DEPOT,24.825802025426512,24.825802025426512,24.825802025426512,336.88464087176624,900.0,900.0,404.2615690461194
THARAMANI PILLAIYAR TEMPLE,24.759913754706997,26.91501021727036,25.837461985988682,378.34696251361646,850.0,931.0169491525425,454.01635501633973
SLATERPURAM AMBEDKAR BRIDGE,24.723023936833087,26.448081538278412,25.585552737555748,375.10680944839424,851.9047619047619,918.3870967741935,450.1281713380731
URAPAKKAM ANANTHAVALLI SCHOOL,24.681214969521115,25.620412217010394,25.150813593265752,360.7467749329492,867.0676691729324,903.657142857143,432.896129919539
SAIDAPET WEST KADUMBADIAMMAN KOVIL,24.612837833304848,25.54046833953992,25.076653086422386,403.13167929601747,811.0285714285714,853.125,483.758015155221
URAPPAKAM SCHOOL,24.60732231967279,25.544250737943052,25.07578652880792,358.14442290326735,867.0676691729324,903.657142857143,429.77330748392075
PANAGAL MALIGAI,24.596427366305598,25.398856871652658,24.99764211897913,392.4464155748299,822.15,858.984375,470.93569868979586
KORATTUR STREET NO 31,24.566605623042076,29.098321293221588,26.83246345813183,375.639699568316,840.0,1028.906204906205,450.76763948197913
VILLIVAKKAM SIVAN TEMPLE,24.548352780143734,29.721682141119633,27.135017460631687,416.2198860159626,796.4615384615385,1010.7372793354102,499.46386321915514
PENCIL FACTORY,24.54517239748155,26.847445860451597,25.696309128966575,351.1535017418089,872.5,960.4787234042552,421.3842020901707
A2-Near Omandurar Multispeciality Hospital ,24.543929423674,37.61660216047508,31.08026579207454,166.06553535438314,1055.4864988406246,1621.5586097360317,199.27864242525973
Government Estate,24.543929423674,37.61660216047508,31.080265792074545,166.06553535438312,1055.4864988406246,1621.5586097360317,199.27864242525973
WALAJABAD RAILWAY STATION,24.502555403147294,24.904111323953227,24.70333336355026,105.60833030996571,1186.6666666666667,1202.5,126.72999637195885
IIT MADRAS,24.482948339984954,26.425383562735064,25.454165951360007,369.7828201430571,848.1818181818181,923.1147540983607,443.73938417166863
GUDUVANCHERI B.T,24.482232827466632,25.291411208784115,24.886822018125375,351.787355037583,869.4117647058823,901.1688311688312,422.14482604509953
PALLAVARAM ENGLISH ELECTRICAL,24.47885723751877,25.645307611490782,25.062082424504776,396.49855004192716,812.8571428571429,864.8571428571429,475.79826005031254
MYLAPORE VMC STREET,24.229371190102515,25.93066286580512,25.08001702795382,357.6321996020153,851.9047619047619,918.3870967741935,429.1586395224183
OLD WASHERMANPET THAMBU CHETTY STREET,24.213645999192668,27.006803579352184,25.610224789272426,348.2325722413597,862.1052631578948,969.1185410334347,417.87908668963166
GUDUVANCHERI BUS TERMINUS,24.123702273632063,24.92283760447447,24.523269939053264,339.1646517387982,869.4117647058823,901.1688311688312,406.9975820865579
MADUVANKARAI,24.112681965791886,25.038891819592227,24.575786892692058,378.02180210309757,818.3490566037736,861.2298387096774,453.6261625237171
KALAIVANAR ARANGAM,24.105429935946358,25.736384888469143,24.92090741220775,380.50984500096513,818.2091579731743,883.461544214431,456.6118140011582
PERAMBUR LOURDES SCHOOL,24.104034329231872,28.786067573186635,26.44505095120925,383.9314978289479,813.7154737154736,1007.53705118411,460.71779739473743
ROYAPETTAH YELLOW PAGES,24.06081996612008,25.75174394423612,24.906281955178102,351.6136409379128,851.9047619047619,918.3870967741935,421.93636912549545
E1-Near Soundarapandi Subbammal School,24.021914590885817,27.164260317300144,25.59308745409298,308.7305757911367,836.5210565257133,982.8599064715919,370.476690949364
New Washermenpet,24.021914590885817,27.164260317300144,25.59308745409298,308.7305757911367,836.5210565257134,982.8599064715919,370.476690949364
ADHAM MARKET,23.92762157116892,25.345917563269648,24.636769567219282,362.8330753236486,831.9198386955378,889.0392696506627,435.3996903883783
PALAVANTANGAL,23.884341836780685,39.64587690588224,31.765109371331462,362.3656027747475,828.8860877684407,1467.3998525628958,434.83872332969696
PARK TOWN NURSE QUARTERS,23.817978921598517,25.344665667080342,24.58132229433943,358.9369934325305,830.0319844090336,890.7919285150722,430.72439211903657
WEST MAMBALAM,23.632181365152093,24.86542407831565,24.24880272173387,381.6964539097252,793.6363636363636,850.3252032520326,458.03574469167023
PATTABIRAM,23.57285696288537,49.72316837019634,36.64801266654086,264.8682049578451,901.5546820271247,2012.501386056151,317.84184594941405
MUTHAPUDUPET,23.54744977627408,23.54744977627408,23.54744977627408,293.05542090082565,900.0,900.0,351.66650508099076
KODUNGAIYUR PANDIAN THEATRE,23.499603384717616,25.620377735458305,24.559990560087964,380.73416635548887,792.545045045045,878.8595452776336,456.8809996265866
EGMORE HOTEL EVEREST,23.461719297262256,23.461719297262256,23.461719297262256,290.11609019184874,900.0,900.0,348.1393082302185
THANDURAI,23.429026444694742,29.18711129332421,26.308068869009475,294.2716650673223,882.5,1124.4833333333333,353.12599808078676
CHETPET,23.343696171512697,24.14297235577852,23.743334263645608,352.23667916271995,816.8181818181819,854.0382452193475,422.6840149952639
THIRUVOTTIYUR BUS STAND,23.342758577058355,24.39405900079572,23.868408788927038,320.46382654438804,850.5593093093094,899.6392026578072,384.55659185326556
MARAIMALAI NAGAR KAMARAJAR,23.339287480870833,102.00223686887797,62.670762174874405,190.21678564965748,986.7202426810478,4287.548498552264,228.260142779589
AMBATTUR CANARA BANK,23.329689269952343,28.154602787791298,25.742146028871822,339.70856956022635,829.8544698544698,1029.193899782135,407.65028347227155
VELACHERY RAILWAY STATION,23.303162941988163,25.112782331746033,24.2079726368671,320.6763651010511,857.1428571428572,927.7349768875192,384.81163812126124
NANDANAM YMCA,23.256780009397588,25.007526974651523,24.132153492024553,368.21635693238824,797.2335725677831,869.3992693412259,441.85962831886593
THIRUMANGALAM EB OFFICE,23.240395759013378,23.831579749797537,23.53598775440546,353.4988577046721,813.8736842105262,840.8930232558139,424.1986292456066
LIBERTY,23.205076913381852,23.96308430751496,23.584080610448407,346.97942418885424,816.403162055336,852.3744911804613,416.3753090266251
MECCAPURAM,23.162754078757086,23.21149915481712,23.1871266167871,238.33556842829572,950.0,951.9230769230768,286.00268211395485
EGMORE ALBERT THEATRE,23.14863857247474,23.84001779072248,23.494328181598608,347.903386662604,815.7692454699678,847.621362850871,417.4840639951248
B RAMACHANDRA ADITHANAR ROAD,23.12430657832897,25.368951345393604,24.246628961861287,330.26013903676863,837.8181818181818,927.7377049180328,396.3121668441223
KUNDRATHUR V.A.O OFFICE,23.081558819102753,28.87837975950782,25.979969289305288,282.54669373371,882.5,1124.4833333333333,339.0560324804519
TIRUVOTTIYUR VELLAYAN CHETTIYAR SCHOOL,23.079694027304864,24.00090132376165,23.540297675533257,388.04310798268466,766.8402777777778,808.5058139534883,465.6517295792216
PATTABIRAM V.A.O OFFICE,23.076392686584782,28.87378955340314,25.97509111999396,282.3723674045285,882.5,1124.4833333333333,338.84684088543423
GEORGE TOWN PADMANABA THEATRE,23.074985476056195,23.670477668796842,23.37273157242652,347.5427920515085,810.0,838.8721804511279,417.0513504618102
D.G.P OFFICE,22.977479095547682,23.02685491791534,23.00216700673151,231.49365515117688,950.0,951.9230769230768,277.7923861814122
THIRUNINRAVUR RAILWAY STATION,22.94431401763242,21.624226883871593,22.284270450752008,76.0422402025237,1153.469387755102,1107.8231723888034,91.25068824302843
TONDIARPET NAGARA THOTTAM,22.93453783925216,23.99449028206984,23.464514060661,399.80777630246087,747.6942355889724,795.4095336481699,479.769331562953
MOUNT ROAD POST OFFICE,22.901453205273537,23.924569878098065,23.4130115416858,331.9394956606757,816.7494746223848,861.7505682544617,398.32739479281076
N4 POLICE STATION,22.868082912836034,23.93208382143564,23.40008336713584,398.152344962592,747.6942355889724,795.4095336481699,477.7828139551103
KODAMBAKKAM MEENAKSHI COLLEGE,22.794554157925187,23.477364116237574,23.135959137081382,326.0742867954081,823.3695652173913,856.3432835820895,391.2891441544897
PAYAIGADA EVENING BAZZAR ROAD,22.77899866919694,23.30642749736409,23.042713083280518,330.96463288587955,815.9016393442623,842.2941176470588,397.1575594630554
WALAJABAD,22.777387123300223,38.41989384860622,30.59864048595322,275.5721639164997,876.5467799188641,1559.6571149780452,330.68659669979957
PAYAIGADA EVENING BAZAR,22.76639056753357,23.231175707604926,22.998783137569248,322.64518829868337,825.2459016393443,848.7058823529411,387.17422595842004
AALIYAMMAN TEMPLE OR TONDIARPET MASUTHI,22.745624104758026,24.434191124106643,23.589907614432335,292.4256578662344,867.2222222222222,935.1612903225806,350.9107894394813
A1,22.69500828214311,40.93153123031978,31.813269756231442,240.8344758189645,877.7786191837912,1659.0035345556616,289.00137098275735
STANLEY HOSPITAL,22.684207898948376,24.728483709306964,23.706345804127672,372.6332122338847,763.0676691729324,850.6237402015678,447.1598546806617
ST MOUNT AMBEDKAR SATUTE,22.67119690538354,23.44531033282959,23.058253619106566,324.71378837306,822.1875,858.5192307692307,389.656546047672
EGMORE T N SPORTS AUTHORITY,22.649721459139233,23.461369856645657,23.055545657892445,342.59345526653453,799.6663071039322,837.6077998664787,411.1121463198414
NEYVELI HOUSE,22.63641331878318,23.228100296256567,22.932256807519874,331.61485015613033,814.7783933518006,841.9413942924854,397.9378201873563
AMBATTUR GNANAMOORTHY NAGAR,22.6072121671377,27.388695744619806,24.997953955878753,308.1181858640502,835.5555555555555,1031.7759103641456,369.7418230368601
SIMPSONS CHINTADRIPET,22.585493843101517,24.034044552683106,23.30976919789231,319.9525556802002,822.1039599744518,884.2490897280295,383.9430668162403
ADAMBAKKAM,22.540905949293627,23.45440886225083,22.997657405772227,342.92092405374405,793.6435406698565,836.7398157398158,411.50510886449285
AMBATTUR O.T AMMA HOTEL,22.51900257361894,26.536525665474908,24.527764119546926,296.01975990257995,848.5714285714286,1010.4910327767471,355.22371188309586
ANNA NAGAR C.P.W.D QUARTERS,22.47155395058558,23.54778608978733,23.009670020186455,386.0748785209768,746.203007518797,794.4518272425249,463.2898542251722
LUZ CORNER,22.470323515910682,24.42911850752014,23.44972101171541,296.09431341199263,850.5194805194806,930.9886887306242,355.3131760943912
SUNAMI HOUSING BOARD,22.464594456348625,23.708934007505988,23.086764231927305,406.1791727542524,722.3099415204679,777.9777892561983,487.41500730510285
PATTABIRAM M SIDING,22.421708419682844,28.548557067609874,25.48513274364636,377.23948798639066,764.1176470588235,991.9672131147541,452.68738558366874
MOUNT ROAD SHANTHI THEATRE,22.38810519912446,23.62756648007216,23.007835839598314,326.42362272705384,807.512550833796,861.6949387696352,391.7083472724646
USMAN NAGAR BHARATHI NAGAR,22.38770144455995,23.07398059395447,22.730841019257213,312.51672030381235,823.3695652173913,856.3432835820895,375.02006436457475
CITY CENTRE,22.344629091468846,23.927388418226826,23.136008754847836,290.2724783430088,851.9047619047619,918.3870967741935,348.3269740116106
WIMCO NAGAR OR MRF TYRE FACTORY,22.294720437848696,22.782097716656835,22.538409077252766,93.31344423201081,1051.0923423423424,1081.8751937984496,111.97613307841296
KAREEM MOHIDEENSAHOB STREET,22.260154976962507,23.73965158354787,22.99990328025519,311.6801645076111,822.1039599744518,884.2490897280295,374.01619740913327
PERAMBUR CHURCH,22.13513827429794,27.37234619890569,24.753742236601813,324.30091747435677,800.6515411732803,1014.7400604510578,389.1611009692282
CITY CENTRE OR KALYANI HOSPITAL,22.11516775320925,23.684362065897144,22.8997649095532,282.0916637794256,851.9047619047619,918.3870967741935,338.5099965353106
BROADWAY FLOWER BAZZAR,22.04195975593023,22.9631232135663,22.502541484748264,344.35057425489833,769.0857142857143,813.8617179005635,413.22068910587797
SOUTH REDHILS ROAD MARKET,22.003268832304137,26.53426865615472,24.268768744229426,309.18472883801667,811.2527472527472,994.9176680017802,371.0216746056199
AVADI H.V.F ROAD,21.95878809340802,25.10054334470049,23.529665719054254,222.3801902235404,908.6038961038961,1035.8577490402101,266.85622826824846
"A-Towards Alandur,Nanganallur",21.93630001293469,25.58251601037412,23.759408011654408,202.5440056613657,916.2583487940631,1082.8161208463318,243.05280679363887
St.Thomas Mount,21.93630001293469,25.58251601037412,23.759408011654404,202.5440056613657,916.2583487940631,1082.8161208463318,243.05280679363884
THARAMANI OR IRTC JUNCTION,21.928227541960066,23.8411367092406,22.88468212560033,276.70161397735995,850.0,931.0169491525425,332.0419367728319
TONDIARPET POWER HOUSE,21.921965533295975,23.55527883410315,22.73862218369956,263.37823724865,867.2222222222222,935.1612903225806,316.05388469838
PERIYAMEDU,21.91114456722086,23.981362359100746,22.9462534631608,337.41459144000737,773.0200368255171,859.823169332442,404.8975097280088
PERUNGALATHUR,21.903825365481794,22.616127329406762,22.259976347444276,261.30701013843264,868.8721804511279,899.7773654916512,313.5684121661192
MAHALINGAPURAM,21.88374752209883,22.55355008320588,22.218648802652353,293.37810410644454,823.3695652173913,856.3432835820895,352.05372492773336
B2-Near Century Plaza,21.872653882277934,27.879207274830634,24.875930578554282,230.16975535949723,878.1378917895415,1171.0043451345691,276.2037064313966
AL1,21.86291640257617,41.499815560006496,31.681365981291332,269.8056894465539,780.5181920331424,1620.9448714059745,323.7668273358647
CHAMIERS ROAD OR VENKATESWARA HOSPITAL,21.831728160723124,23.461771363186383,22.64674976195475,315.00082345803077,797.1788904078378,868.3171351320914,378.00098814963695
B3,21.828448763909115,28.518504566275386,25.173476665092245,202.79053220292798,888.0924369875924,1174.5553736730942,243.34863864351357
EGA THEATRE,21.822432715940973,22.6042354994842,22.213334107712587,313.02352668195886,795.8367952282426,833.4927842290986,375.6282320183506
PANAGAL PARK,21.749704333460723,22.930763941633597,22.34023413754716,312.63916253214853,793.6363636363636,850.3252032520326,375.16699503857825
BHARATHI RAJA SPECIALITY HOSPITAL,21.744924510288108,22.916959520542903,22.330942015415506,359.91668861504945,735.7290487421384,792.8256145083933,431.9000263380593
THARAMANI,21.732911334698404,23.63084760261673,22.68187946865757,269.72320655951927,850.0,931.0169491525425,323.66784787142313
MAATTU MANDAI OR KGL,21.716358828795396,22.872726441862454,22.294542635328924,308.77423162227814,803.6058558558558,853.9498321280993,370.5290779467337
MAATTU MANDAI,21.716358828795396,22.872726441862454,22.294542635328924,308.77423162227814,803.6058558558558,853.9498321280993,370.5290779467337
KENDRIYA VIDYALAYA MINAMBAKKAM,21.68970219029304,22.342782887099847,22.016242538696442,277.10454699166763,837.6,868.9606299212599,332.5254563900011
ASHOK NAGAR CANARA BANK,21.648829683187035,22.709491077452164,22.179160380319598,352.205880977341,746.6854766854767,795.7378757954795,422.6470571728091
PAZHAVANTHANGAL SUBWAY,21.60736069776657,22.279429987208,21.943395342487285,276.041329206567,837.6,868.9606299212599,331.2495950478804
MITTANAMALLI,21.5553356146291,21.5553356146291,21.5553356146291,224.6434337940187,900.0,900.0,269.5721205528224
TIRUVOTTIYUR FIRE STATION,21.551587819306484,23.04979804040304,22.300692929854762,404.06881190611335,687.054054054054,754.2295971074379,484.88257428733596
THIRUVOTTIYUR MARKET,21.542473897276615,23.0454531173931,22.293963507334855,404.4838629524981,687.054054054054,754.2295971074379,485.38063554299777
TAMBARAM RAILWAY STATION EAST,21.541012709448704,22.884193415155863,22.212603062302286,291.4841912654013,810.6593406593407,874.2142857142857,349.7810295184815
JAYALAKSMI THEATRE,21.527954395618767,22.420331267919643,21.974142831769207,305.70205733646253,793.6435406698565,836.7398157398158,366.842468803755
M.G.R.CENTRAL OR RAJIV GANDHI GOVERNMENT GENERAL HOSPITAL,21.49257693638612,23.372661511293245,22.432619223839684,311.95587044435763,785.8227112368718,867.3716162719068,374.3470445332291
KANNIGAPURAM AVADI,21.475729255487447,24.545365534221105,23.010547394854278,207.33774295772227,908.6038961038961,1035.8577490402101,248.80529154926674
PURASAIWAKKAM ALAGAPPA SCHOOLS,21.471932381563363,22.998132836127617,22.23503260884549,402.84705861791304,684.1052631578948,752.9181988742964,483.41647034149565
VILLIVAKKAM ILANKALI AMMAN TEMPLE,21.45824198581675,25.99779791631646,23.728019951066607,289.8715329770129,811.2527472527472,994.9176680017802,347.8458395724155
THANGAL,21.44805052895137,22.326658843685117,21.887354686318243,324.953961672951,766.4236111111111,808.3797808956372,389.9447540075412
ST. THOMAS MOUNT,21.364595132522993,26.038243677812538,23.701419405167766,196.69892450453884,873.4268936804823,1088.3935423072417,236.0387094054466
PERAMBUR B.T,21.353069130231262,26.437172002962814,23.89512056659704,294.6167094640426,801.4980694980695,1007.8487394957983,353.540051356851
PAZAVANTHANGAL SUBWAY,21.33782433425563,22.006275152357276,21.672049743306452,266.46471179841814,837.6,868.9606299212599,319.75765415810173
B3-Near District Registrar's office,21.333856560033677,51.48356229656492,36.4087094282993,259.609987799934,798.8350687159679,2109.4709811066728,311.5319853599208
TONDIARPET IRUMBU COMPANY,21.30249831746882,22.360823749217452,21.831661033343135,339.7038355567235,747.5939849624061,796.4625850340136,407.6446026680682
CHITRA THEATRE,21.298352733090812,22.611345063490415,21.954848898290614,361.6761608130897,712.216106442577,776.6484979084801,434.0113929757076
THANGAL ANNA NAGAR,21.28825851830057,22.538176904271456,21.913217711286013,364.9899989429669,714.4152046783626,772.5283908113213,437.98799873156025
E3-Near Wimconagar Bus Stop,21.26775755006172,21.92876914356852,21.59826334681512,178.25342614701515,887.3906255477355,925.5889367084015,213.9041113764182
THARAMANI VHS HOSPITAL,21.240762308537814,22.99982961639212,22.12029596246497,254.64500937388402,848.1818181818181,923.1147540983607,305.57401124866084
PALLAVARAM,21.186415655888577,24.4604785426692,22.82344709927889,241.2414095375499,810.0670001653903,954.0734515780329,289.4896914450599
DURAISWAMY SUBWAY,21.155034392002214,21.991029785605615,21.573032088803917,267.63633627661653,820.2272727272727,862.7439024390244,321.16360353193977
KOYAMBEDU POLICE STATION,21.146139696705443,22.164791596618116,21.655465646661778,333.65339194704694,746.2333762333762,793.9222775724463,400.38407033645626
SIR M.C.T.M SCHOOL,21.140141925298426,22.655432676068926,21.897787300683678,389.8151975550485,684.1052631578948,752.9181988742964,467.7782370660581
Mylapore Tank,21.119686218711823,23.1065712154578,22.113128717084816,248.15972922746002,850.0,935.7142857142857,297.79167507295205
THIRUMANGALLAM,21.08912496462117,21.883859162895924,21.486492063758547,303.2703788906247,780.3801169590644,817.9069767441861,363.92445466874966
SINGAPERUMAL KOVIL,21.088685215323913,22.262275311008842,21.675480263166378,230.88929437369453,871.1278195488721,922.3376623376623,277.06715324843344
THIRUVANMIYUR RAILWAY STATION,21.079729404477792,22.737163977473262,21.908446690975527,244.72401086706887,853.6363636363636,924.4262295081967,293.6688130404827
BRINDHAVAN STREET,21.06423762720456,21.704146267579418,21.38419194739199,250.90495299791286,836.1818181818182,870.1951219512196,301.08594359749543
GKM COLONY MAIN ROAD,21.062347592457993,25.782429452573364,23.422388522515682,263.86806588569397,825.4345654345655,1014.8402948402949,316.6416790628328
TAMBARAM,21.057846394691733,54.079437851496934,37.56864212309433,248.1075250350193,768.9071402130678,2165.042864290678,297.72903004202317
KENDRIYA VIDHYALAYA MINNAMBAKKAM,21.038583726432403,21.687762178941355,21.363172952686877,254.41881379472323,837.6,868.9606299212599,305.30257655366785
CHINTADRIPET,21.034144272287392,23.03594128844478,22.035042780366084,346.170108724963,727.0158336754242,813.5704164616437,415.40413046995553
MAHARANI POST OFFICE,21.022578182949157,22.143732184863552,21.583155183906356,342.6010260986375,735.4677754677755,786.5361163227018,411.121231318365
VADAPALANI THIRU NAGAR,21.017475563753166,22.525643631624316,21.77155959768874,384.0357777130673,685.4736842105264,754.0319999999999,460.84293325568075
VANDALUR GATE,20.99927522743546,21.71229544459287,21.355785336014165,229.1465530626205,869.5238095238095,901.2406015037594,274.9758636751446
KANNIGAPURAM VYASARPADI,20.95714724793437,25.914326665743683,23.435736956839026,269.41888843260864,814.3656343656343,1014.4978379701396,323.3026661191303
TAYLORS ROAD,20.9333157024495,22.4043570572462,21.66883637984785,381.47202283097727,683.1351351351351,750.6508249199704,457.7664273971728
NEW AVADI ROAD,20.926893675302164,22.24600913774717,21.586451406524667,362.2181661423749,702.8501228501228,764.2280226545187,434.66179937084985
EKKATUTHANGAL PADAVETUAMMAN KOVIL,20.911835252146023,22.386507394661777,21.6491713234039,380.2569765466596,686.3200568990043,753.223266446533,456.3083718559915
BEACH STATION,20.896338315615875,21.511228104442946,21.20378321002941,259.29490545792527,820.084388185654,851.5942028985506,311.1538865495103
VANAVIL,20.87242680104827,22.022114457646765,21.447270629347518,329.94098677237247,735.9444941444372,791.9691932624113,395.92918412684696
DASAPRAKASH,20.86412616300573,21.83807950808734,21.351102835546534,314.3160664083433,752.799043062201,799.7169537779293,377.179279690012
PALLAVARAM BUS STAND,20.86121445561466,21.590200985728565,21.225707720671615,244.67265671216083,839.0,875.4,293.607188054593
PONDY BAZAR GLOBUS,20.835529565475778,22.37600769817948,21.60576863182763,372.76325751426754,681.2593255259163,755.9589243498817,447.3159090171211
TAMBARAM SANATORIUM B.T,20.82567069457368,21.841132471592836,21.33340158308326,262.20040965288916,815.047619047619,864.6673936750273,314.640491583467
EGMORE THINATHANTHI,20.81672306148672,21.44196140350919,21.129342232497955,260.18892341546734,818.7774867031833,849.4920284633399,312.2267080985607
E1-Near Wimconagar Railway Station,20.79572288106984,21.41841859446082,21.10707073776533,161.21123796109143,887.3906255477355,925.5889367084015,193.45348555330972
MOOLAKOTHALAM,20.73545226274965,21.303725613977083,21.019588938363366,262.74388613843286,810.0,838.8721804511277,315.29266336611937
B1,20.733602724977242,34.94145131629639,27.837527020636816,249.82710079110691,781.8300281484929,1386.8874275197563,299.79252094932826
TAMIL NADU OPEN UNIVERSITY OR PANAGAL MALIGAI,20.7310471169236,21.921590930722182,21.326319023822894,312.19165465512447,750.9479348237969,809.0584229600188,374.6299855861494
TONDIARPET MARKET,20.690385213633963,21.72305184298521,21.206718528309587,314.8733611796233,747.5939849624061,796.4625850340136,377.84803341554795
PERUNGALATTUR,20.684394694572582,24.23310703565602,22.4587508651143,288.3944393837778,739.5175203715382,898.0147769728414,346.07332726053335
AMINJIKARAI POLICE STATION,20.678844345919693,21.737419709190593,21.20813202755514,318.341879792746,745.5754771544246,795.0334821428571,382.0102557512952
Wimco Nagar,20.67690632829446,21.29202124020167,20.98446378424806,156.98098174090183,887.3906255477355,925.5889367084014,188.37717808908215
MAYOR KABALI MOORTHY ROAD,20.676785294519437,22.02700903506994,21.35189716479469,250.56654718331222,822.1039599744518,884.2490897280295,300.67985661997466
ASHOK NAGAR VELANKANNI MATRIC HIGHER SECONDARY SCHOOL,20.65572935499433,22.127088570493026,21.39140896274368,368.2603629799351,686.1052631578948,753.8430476190476,441.9124355759221
KANNAMAPET KAVERI NAGER,20.628117059341346,22.585518758567623,21.606817908954486,409.10233386982543,637.0246305418719,729.1768996960486,490.9228006437905
POTHERI,20.620756300245944,33.42282209465864,27.021789197452293,81.08700035006207,1022.7945963541666,1559.4992436275622,97.30440042007449
GEORGE TOWER CHENNAI COLLECTOR OFFICE,20.605781029292164,20.605781029292164,20.605781029292164,192.19820671858835,900.0,900.0,230.637848062306
ASHOK NAGAR 11TH AVENUE,20.588686799409945,22.066562405726916,21.32762460256843,366.95377244524553,686.1052631578948,753.8430476190476,440.34452693429455
CHENGALPATTU NEW B.T,20.542491331965618,22.51368420654192,21.52808776925377,225.9370241280116,852.2727272727274,938.8888888888888,271.1244289536139
BHARATHIRAJAA HOSPITAL,20.506099640386317,22.085114941678214,21.295607291032265,362.90324883884745,680.9720649895179,757.1008193445244,435.48389860661683
A3-Near GST Office,20.503477716366994,48.466927962550216,34.4852028394586,234.29544797038022,804.9096084689915,1982.6112079707443,281.15453756445623
TAMBARAM EAST,20.493190486536555,21.467046294394706,20.98011839046563,236.58672839671965,830.5128205128206,879.9444444444445,283.9040740760636
A2-Near Kora Food Street,20.473178603627566,48.45769499261139,34.46543679811948,233.06737420448133,804.9096084689915,1982.6112079707443,279.68084904537756
GUINDY M K N SALAI,20.453713538308918,21.848132093288587,21.150922815798754,315.2101830709451,735.8856928057271,803.5067642522907,378.25221968513415
ERANAVOOR GANDHI NAGAR,20.44991381255134,21.037727531839263,20.743820672195298,375.293868266748,660.2675438596492,690.739417989418,450.3526419200976
LONE SQUARE PARRYS CORNER,20.449772691452136,21.49156952364024,20.97067110754619,301.1854146078312,745.983193277311,798.6608445888982,361.42249752939745
TAMBARAM WEST BUS STAND,20.449171790430118,21.375348547536703,20.912260168983412,233.08328366378427,837.4615384615385,881.95,279.6999403965411
BRINDAVAN STREET,20.384778640383594,21.09390377276987,20.739341206576732,232.2412544669952,829.0909090909091,866.8834688346883,278.6895053603942
TAMBARAM SANATORIUM RAILWAY STATION,20.381406568545327,21.391152741549114,20.886279655047222,246.54637722335312,815.047619047619,864.6673936750273,295.8556526680237
CHENNAI CHETPAT,20.323311804579422,21.42144142100258,20.872376612791,357.16728562284635,669.4491825235219,718.8479434479315,428.60074274741567
TIRUCHANANKUPPAM,20.30448990938105,21.484436468178703,20.894463188779877,321.67305962025046,721.8981481481482,777.8397078608494,386.00767154430054
AVADI BUS TERMINUS,20.264237929841407,23.216156550791393,21.740197240316398,167.01323293355355,908.6038961038961,1035.8577490402101,200.41587952026427
VADAPALANI,20.25439899682786,21.28061666113386,20.76750782898086,299.20625641865666,746.6854766854767,795.7378757954796,359.047507702388
LIGHT HOUSE,20.252450179702016,37.686732878602946,28.96959152915248,300.41961491118803,729.1348233046365,1474.178675607055,360.50353789342563
Meenambakkam Metro,20.241839406560022,35.07378999068722,27.65781469862362,220.88043224079084,800.8768265281168,1435.873460870467,265.056518688949
Meenambakkam,20.241839406560022,35.073789990687224,27.65781469862362,220.88043224079084,800.8768265281168,1435.873460870467,265.056518688949
B1-Near International Air Cargo,20.241839406560022,35.07378999068722,27.65781469862362,220.88043224079084,800.8768265281168,1435.873460870467,265.056518688949
BL1,20.190117680966356,33.07986683759462,26.634992259280487,207.6780634228841,797.3054700617554,1341.2926799142099,249.21367610746086
GUINDY HALDA,20.154962328721336,22.09005769362903,21.122510011175187,388.9115577565555,635.734335839599,728.4323676323677,466.6938693078667
AVADI B.T,20.141482246512844,23.077934336762745,21.60970829163779,162.963751358951,908.6038961038961,1035.8577490402101,195.5565016307412
CENTRAL WALL TAX ROAD,20.098586518041184,21.995245760797353,21.046916139419267,260.59282047220853,785.6421693643296,871.2815685727151,312.7113845666503
TAMBARAM EAST B.T,20.06590530071881,21.026201778352153,20.54605353953548,221.20665767658087,830.5128205128206,879.9444444444445,265.44798921189704
NUNGAMBAKKAM LOYALA COLLEGE,20.06125089991786,20.80423258914645,20.43274174453216,229.61006499113097,821.6326530612245,859.3359375,275.53207798935716
BUTT ROAD,20.045657611689336,21.476201958654695,20.760929785172017,343.7537903503707,686.3200568990043,753.223266446533,412.50454842044485
KORUKKUPET,19.96039077825349,23.354283316121805,21.657337047187646,200.03361537468362,831.889880952381,996.4446893117176,240.04033844962032
Thirumangalam,19.957419776689566,43.906758347839194,31.932089062264378,255.94090882585567,757.5577849525386,1770.0997761222357,307.1290905910268
A4-Towards Metro Water (Lift),19.957419776689566,43.906758347839194,31.932089062264378,255.9409088258557,757.5577849525386,1770.0997761222357,307.1290905910268
HIGH COURT,19.92498106925129,20.703549370758843,20.314265220005066,256.25107811563976,780.6511535203548,820.4624231905974,307.50129373876774
KK NAGAR TELEPHONE EXCHANGE JAFFARKHANPET,19.9245656452714,21.3740407138185,20.64930317954495,339.8603980561601,686.1052631578948,753.8430476190476,407.832477667392
TAMBARAM SANATORIUM BUS STAND,19.892340559121976,20.88300444084991,20.387672499985943,228.36909849385347,815.047619047619,864.6673936750273,274.04291819262414
RAJ BHAVAN QUARTERS,19.887395569316407,21.81013461967289,20.84876509449465,377.8007203258784,635.734335839599,728.4323676323677,453.360864391054
TIRUVOTTIYUR KUPPAM APPARSWAMY TEMPLE,19.88226083766567,21.32135224000827,20.601806538836968,337.8159503243659,687.054054054054,754.229597107438,405.379140389239
MOUNT RD ANAND THEATRE,19.875562295966894,21.0615455821409,20.468553939053898,296.6393199038939,736.5180690809494,793.7714460784314,355.9671838846727
THERADI BEACH ROAD,19.855404731569966,21.296421155342003,20.575912943455982,337.1888386562506,687.0540540540541,754.2295971074379,404.62660638750066
ANNA NAGAR 12TH MAIN ROAD,19.752171082901988,20.741106298467486,20.24663869068474,280.0638836095358,746.056695793538,794.1432558139535,336.07666033144295
VADAPALANI TEMPLE,19.7326465400913,20.738468934047575,20.235557737069435,278.83571095202143,746.6854766854767,795.7378757954796,334.6028531424257
VEPPAMPET BUS STOP,19.683882897945658,22.136845427612943,20.910364162779302,94.2198874724497,985.7142857142857,1105.1435818461816,113.06386496693962
EGMORE M.M.D.A,19.656458925781497,20.268657605692994,19.962558265737243,218.739985060054,818.7774867031833,849.4920284633399,262.4879820720648
ERNAVOOR GATE,19.64739903521127,20.22842002970309,19.93790953245718,343.4077512763704,660.2675438596491,690.739417989418,412.0893015316445
AMBATTUR RAILWAY STATION,19.64423920887699,24.542116839208372,22.093178024042682,207.90440326081776,829.8544698544698,1029.193899782135,249.48528391298132
TIDEL PARK,19.636698567064737,21.181464817754932,20.409081692409835,192.6222290182729,853.6363636363636,924.4262295081968,231.14667482192743
B2-Near LIC Southern zonal office,19.613641324124846,30.160104522013565,24.886872923069205,288.4180738748835,695.6430319641447,1153.186986926991,346.1016886498602
MYLAPORE TANK,19.573236284210587,21.436825767116613,20.505031025663598,192.98091712378985,850.0,935.7142857142857,231.5771005485478
THIRUVALLUVAR STATUE,19.565627466632083,20.998132779765424,20.281880123198754,191.51915290284478,851.9047619047619,918.3870967741935,229.82298348341374
TARAMANI METRO STATION,19.55391624529566,21.283237867493906,20.41857705639478,191.84078020151355,850.0,931.0169491525425,230.20893624181622
PARRYS CORNER,19.530661657259675,20.14473592753336,19.83769879239652,212.45562485192306,816.3673829849868,849.3427704752276,254.94674982230765
THIRUVOTTRIYUR POLICE STATION,19.528207604884106,20.679468172188106,20.103837888536106,290.6511563735397,721.8981481481482,777.8397078608496,348.78138764824763
MEEANAMBAKKAM INTERNATIONAL AIRPORT,19.51296579567231,20.245699690060746,19.879332742866527,237.6570942573748,779.4665591294299,818.5368218691905,285.18851310884975
TEYNAMPET AALAYAMMAN TEMPLE,19.49434550803375,20.89670303976885,20.1955242739013,241.08711646762288,775.086721671302,842.0058559034194,289.30453976114745
THIRUVOTRIYUR CEMETERY ROAD,19.489897512464612,21.321260540053398,20.405579026259,239.86488698145934,789.026412184307,874.4241536738737,287.8378643777512
R2,19.469153034452905,55.22767740576275,37.34841522010782,172.61579029698987,831.966275287006,2354.371826044421,207.1389483563878
TELEPHONE EXCHANGE GUINDY,19.33140138838301,20.66052928392486,19.995965336153933,266.63153588800907,735.8856928057271,803.5067642522907,319.9578430656109
ADYAR GANDHI NAGAR,19.291318584924205,20.870063060059422,20.080690822491814,183.89583813410957,848.1818181818182,923.1147540983607,220.67500576093144
MMDA COLONY ROAD JUNCTION,19.283253302059745,20.726470567537792,20.004861934798768,314.7796566441118,685.4736842105264,754.0319999999999,377.7355879729341
NANDANAM MILITARY QUARTERS,19.27868459091753,20.780412118493015,20.02954835470527,222.0133599254979,797.1788904078378,868.3171351320914,266.4160319105975
URAPPAKKAM RAILWAY STATION,19.275387354713185,20.031943660958195,19.65366550783569,169.85848330363424,867.0676691729324,903.657142857143,203.83017996436107
TONDIARPET CROSS ROAD TOLL GATE,19.18665896652958,20.99716088687734,20.09190992670346,360.4116938067741,633.2218567251462,716.7595617912742,432.49403256812894
CHELLAMMAL COLLEGE,19.18450410431771,21.082017113822726,20.13326060907022,349.74685603927435,635.734335839599,728.4323676323677,419.6962272471292
TAMBARAM RAILWAY STATION,19.180345327361113,20.068636052069287,19.6244906897152,187.24969737175667,837.4615384615385,881.95,224.69963684610798
METTUKULAM,19.179905554669023,20.15884947179996,19.66937751323449,257.68779981564757,746.7831741515953,795.0340136054422,309.2253597787771
VALLALAR NAGAR BUS TERMINUS,19.178913283227327,21.123435254211852,20.15117426871959,217.33595877561143,789.0264121843069,874.4241536738738,260.8031505307337
ANNA NAGAR EAST,19.173627801903056,20.183236824010798,19.678432312956925,259.3362545670672,745.5754771544244,795.0334821428571,311.2035054804806
CEMETERY ROAD,19.173207769025787,20.98124289858028,20.07722533380303,228.13741164363182,789.026412184307,874.4241536738737,273.7648939723582
THIRUSOOLAM NATIONAL AIRPORT,19.170575458031234,20.69151221656863,19.93104383729993,246.81128462137838,756.291195185715,828.1858430324763,296.1735415456541
B1-Near Shenoy Nagar Post Office,19.15272887693397,39.34794776657311,29.25033832175354,273.8567899613231,737.34375,1509.2105263157896,328.6281479535877
B2-Near Post Office,19.15272887693397,39.34794776657311,29.25033832175354,273.8567899613231,737.34375,1509.2105263157896,328.6281479535877
A1-Towards Anna Nagar,19.13236773256924,44.801502447337654,31.966935089953452,230.67544488842879,750.0987478985023,1844.2788321715057,276.8105338661145
B3-Near Thiru Vi.Ka.Park,19.108579042678866,39.261425305933,29.185002174305932,272.1218926067827,737.34375,1509.2105263157896,326.5462711281392
BLUE STAR,19.061821082674673,19.919195983537442,19.490508533106055,241.07041972181466,765.171586059744,807.1053488372092,289.28450366617756
VYASARPADI GANESHAPURAM,19.022918157848043,23.772389367793128,21.397653762820585,198.97133767643157,814.3656343656344,1014.4978379701395,238.76560521171788
BSNL TELEPHONE QUARTERS OR JEEVA RAILWAY STATION,19.005332992744645,23.80566246146094,21.40549772710279,198.44782654914158,814.3656343656343,1014.4978379701396,238.13739185896992
A1-Near EVR Periyar Road,18.950645656782246,26.14890283421972,22.54977424550098,311.9537434430138,628.477199275643,939.9397065762797,374.34449213161656
Shenoy Nagar,18.93705258741397,38.90207868404092,28.919565635727448,265.2523153430986,737.34375,1509.2105263157894,318.3027784117183
TONDIARPET BUS DEPOT,18.88944602776751,19.838356821305073,19.36390142453629,244.03058091211025,747.6942355889724,795.4095336481699,292.8366970945322
BALAJI HOSPITAL,18.88566860365216,19.83264592352703,19.359157263589594,188.4792315852903,819.7058823529412,868.7404580152672,226.17507790234833
THIRUMANGALAM,18.874443368689306,19.626406317510313,19.25042484309981,220.55577498465772,780.3801169590644,817.9069767441861,264.66692998158925
Y.W.C.A,18.792336395494143,19.3614873894574,19.07691189247577,184.16302118160124,818.7774867031833,849.4920284633399,220.99562541792147
VANDALUR,18.775125229738723,27.12625098986891,22.95068810980382,274.4121862186998,684.0054202970019,1037.3727045551484,329.2946234624397
KORATTUR BUS TERMINUS,18.761491756235447,22.405484248298812,20.58348800226713,163.10897481283328,848.5714285714286,1010.4910327767471,195.73076977539992
GEMINI SUN PLAZA,18.74873903386577,20.623478806017978,19.686108919941876,334.3061233679854,637.1664779874214,728.5209832134293,401.16734804158244
AMINJIKARAI MARKET,18.73367633638369,19.60061321923785,19.16714477781077,231.0776638507968,764.4594594594595,806.6567655749816,277.29319662095617
MOUNT RD THOUSAND LIGHT,18.68604538178983,19.84318671299487,19.26461604739235,251.36844432557018,736.5180690809494,793.7714460784314,301.6421331906842
SAIDAPET METRO,18.681368920322914,19.786813604671064,19.23409126249699,222.842419401467,750.9479348237969,809.0584229600188,267.4109032817604
THIRUMAYILAI,18.632908689210293,37.97193521566195,28.30242195243612,249.3566622284937,712.6962082245462,1534.9627469916693,299.2279946741924
GUINDY CIPET,18.611036138283126,19.987677802804306,19.299356970543716,286.2535565696499,686.3200568990043,753.223266446533,343.50426788357987
SAIDAPET MARKET,18.60135379053096,19.27344458467946,18.93739918760521,174.36355976600686,822.15,858.984375,209.23627171920822
A3-Near Chennai District library,18.577700215653106,28.82035054801656,23.699025381834833,321.6281021287475,610.6383819649809,1049.5361628873177,385.95372255449695
VYASARPADI JEEVA RAILWAY STATION,18.5672662272495,23.25106254167417,20.909164384461835,182.4587492364397,814.3656343656343,1014.4978379701396,218.95049908372766
A2-Near Metro Bus Stop,18.54216674087905,28.784903184572066,23.663534962725556,320.1061460824329,610.6383819649809,1049.5361628873177,384.1273752989195
Nehru Park,18.54216674087905,28.784903184572066,23.66353496272556,320.1061460824329,610.6383819649809,1049.536162887318,384.1273752989195
SPENSOR PLAZA TVS,18.461587165905257,19.523672283116777,18.992629724511016,226.7721523154116,736.5180690809494,793.7714460784314,272.12658277849386
CHINNA STANDLY,18.45070454632208,19.421696418174502,18.936200482248292,228.84530897583264,747.5939849624061,796.4625850340136,274.6143707709992
ANNA NAGAR ROUNDTANA,18.439515602066145,19.45110933577337,18.945312468919756,234.46655849450076,745.5754771544246,795.0334821428571,281.35987019340087
KMC HOSPITAL,18.434119078190317,19.16974265691432,18.80193086755232,196.69279240987404,787.1974007500323,825.0328885272312,236.03135089184886
NUNGAMBAKKAM,18.43121070936908,61.69220473411666,40.06170772174287,194.749459258328,729.0650110956864,2554.7953578647675,233.6993511099936
SHENOY NAGAR OR PULLA AVENUE,18.426541836426626,19.20007509634963,18.81330846638813,207.52487631474378,779.7953216374268,817.8461538461538,249.0298515776925
ALANDUR DEPOT,18.423810316098994,19.56648753615969,18.995148926129342,383.4414008966643,571.3742163009404,627.6584911474674,460.1296810759971
SIMSON,18.408123040457127,19.639409021753572,19.02376603110535,167.9877095155161,822.1039599744518,884.2490897280295,201.5852514186193
A3,18.396332803592394,28.57579739523422,23.486065099413306,225.38179159062372,709.2657000684449,1160.9254880572635,270.45814990874845
SHENOY NAGAR,18.380435564182665,19.15247449802163,18.766455031102147,205.71509241360903,779.7953216374268,817.8461538461538,246.8581108963308
M.M.D.A.COLONY,18.37986444381998,19.779593837038608,19.079729140429293,277.24668530934105,685.4736842105264,754.0319999999999,332.69602237120927
B2-Towards Greams Road,18.371834685784606,27.129768067217416,22.750801376501013,252.4487752869508,665.6217520205691,1033.1293369700077,302.9385303443409
A2-Towards Anna Salai,18.371834685784606,27.129768067217416,22.750801376501013,252.4487752869508,665.6217520205691,1033.1293369700077,302.9385303443409
M.G.R.CENTRAL R.S,18.37036510840078,20.154200581772447,19.262282845086613,196.29157375463774,785.6421693643296,871.2815685727151,235.5498885055653
B3-Near Indian Overseas Bank,18.3696889715069,22.875015761088793,20.62235236629785,298.5233330350452,629.1815117936045,827.1818540535427,358.2279996420543
VALLALAR NAGAR B.T,18.35791274734087,20.262181989129825,19.310047368235345,185.22162250527077,789.026412184307,874.4241536738737,222.26594700632492
KORATTUR B.T,18.351357492685946,21.907267147966937,20.129312320326445,148.60410059303555,848.5714285714286,1010.4910327767471,178.32492071164265
THADANDAR NAGAR,18.341206290759395,19.551094481055944,18.94615038590767,217.4727461890925,738.5269293924466,801.479958206687,260.967295426911
D1 POLICE STATION,18.327405691364852,19.611605238520475,18.969505464942664,169.31073245027113,822.1039599744518,884.2490897280295,203.1728789403253
ST. THOMAS MOUNT P.O,18.246412833156327,19.225893684939006,18.736153259047665,333.93785487373924,607.8881922675026,657.9186587977488,400.7254258484871
TIRUVOTTIYUR,18.214721811522843,21.73821572212756,19.9764687668252,255.2845766172209,699.025974025974,868.8266133797445,306.34149194066504
B1-Near Sathyam Cinemas,18.210063092839434,26.960549590513587,22.585306341676514,245.37984694029944,665.621752020569,1033.1293369700077,294.45581632835933
EGMORE RAILWAY STATION - NORTH,18.202189435087252,18.78784743532678,18.495018435207015,164.98068251811773,818.7774867031833,849.4920284633399,197.97681902174125
B1-Near VR Mall,18.16866907741968,38.25567290876581,28.212170993092744,244.06225265154353,691.5535448049944,1565.3179552032193,292.8747031818523
TONDIARPET-1 BUS DEPOT,18.159829328737054,19.090406827923253,18.625118078330154,216.19381846025598,747.6942355889724,795.4095336481699,259.4325821523072
B2-Near Periyar Book House,18.120064643216608,23.289433792324907,20.70474921777076,189.83964721198626,761.0294184580573,986.0508588428029,227.8075766543835
KORUKKUPET MANI KOONDU,18.062159076710657,19.00712223319388,18.534640654952266,211.62459693386114,747.5939849624061,796.4625850340136,253.94951632063336
B5- Near Ripon Building,18.022348578748122,26.159598163053047,22.090973370900585,273.1551891100217,664.1339197388609,1013.8226887817634,327.786226932026
MARAIMALAI NAGAR P.S.JN.,18.01285407263414,19.142288707242663,18.577571389938402,122.81762825521616,871.4285714285714,927.0329670329671,147.3811539062594
B1&B2-Near 2nd Avenue Road,18.008430798624865,30.95146195152685,24.479946375075855,303.3501426415709,581.913778655931,1141.9398754120837,364.02017116988503
B2-Near Kotak Mahindra Bank,18.00803834898535,38.081419717904815,28.04472903344508,238.57628784169304,691.5535448049944,1565.3179552032193,286.2915454100317
TONDIARPET MANIKUNDU,18.003136978239805,18.946874162499398,18.475005570369603,209.4173290633425,747.5939849624061,796.4625850340136,251.30079487601097
B3-Near Kora Food Street,17.962947907000956,30.943236386812206,24.45309214690658,302.8374715660291,581.913778655931,1141.9398754120837,363.4049658792349
Anna Nagar Tower,17.962947907000952,30.94323638681221,24.453092146906577,302.8374715660291,581.9137786559309,1141.939875412084,363.40496587923485
ROYAPURAM RAILWAY STATION,17.952311602758922,20.161310099293935,19.05681085102643,126.803488181846,862.1052631578948,969.1185410334347,152.16418581821523
A3-Towards Egmore Railway Station Platforms,17.93619775585227,25.91145712706828,21.923827441460276,184.44948721758033,760.5191533250526,1100.4385493676023,221.33938466109637
BASIN BRIDGE,17.890031321147912,18.419199708202513,18.154615514675214,159.3948623779839,810.0,838.8721804511279,191.2738348535807
TIRUVOTTIYUR RAILWAY GATE OR KCP,17.87181420732515,18.63259351085794,18.252203859091548,107.27373284283604,886.8571428571429,925.1785714285714,128.72847941140324
SAMIYAR GATE,17.847014712493014,18.951938182098612,18.399476447295815,116.74555949514081,871.4285714285714,927.0329670329671,140.09467139416896
KORATTUR NORTH RAILWAY STATION ROAD,17.836305303267487,21.318890654307165,19.577597978787328,130.57628772070058,848.5714285714286,1010.4910327767471,156.69154526484067
CIPET,17.80969765776852,19.156146680130217,18.48292216894937,254.12259457834435,686.3200568990043,753.223266446533,304.9471134940132
EGMORE RAILWAY STATION - SOUTH,17.792798325355797,18.363890858044535,18.078344591700166,149.54695861575283,818.7774867031833,849.4920284633399,179.45635033890338
E4-Near Temple Park School,17.77680689781655,21.074124587223597,19.425465742520075,291.5244166218772,585.295698028051,738.8774737265852,349.8292999462526
S.I.E.T COLLEGE,17.737513783124523,19.05922885895129,18.398371321037907,182.96392749756473,775.086721671302,842.0058559034194,219.55671299707763
B1-Near Olympia Tech Park,17.72662477278794,44.588961347741645,31.15779306026479,278.0790341979635,590.3091693553612,1748.0958068879054,333.69484103755616
CHINTHAMANI,17.721469740694758,20.27062669067426,18.99604821568451,393.7559424028427,539.6761133603239,655.078125,472.50713088341126
KATHIPARA,17.702603170141145,19.767754914769537,18.735179042455343,327.3972608580527,601.6476608187135,700.8776358919465,392.87671302966316
VADAPALANI S.I.M.S HOSPITAL,17.680822863015194,18.62733054751913,18.154076705267162,199.6137972903322,746.6854766854767,795.7378757954796,239.53655674839865
BLUE STAR ANNA NAGAR,17.65278436810736,18.479919611524693,18.066351989816027,188.03548015346894,765.171586059744,807.1053488372092,225.64257618416272
TIRUVOTTIYUR ELLAIAMMAN TEMPLE,17.59840989846321,18.942386165935734,18.27039803219947,245.0023252505095,687.0540540540541,754.2295971074379,294.00279030061137
TONDIARPET VARADHARAJA PERUMAL TEMPLE,17.500460640611884,18.460182628309916,17.9803216344609,194.5772669688363,747.5939849624061,796.4625850340136,233.49272036260354
BASIN BRIDGE RAILWAY STATION,17.464764371255846,17.9825464626882,17.723655416972022,143.3955406567629,810.0,838.8721804511279,172.07464878811552
NUNGAMBAKKAM RAILWAY STATION,17.445417088960042,18.129539331195407,17.787478210077726,134.72736892452022,821.6326530612245,859.3359375,161.67284270942426
Alandur Metro,17.43487969692235,58.05936410118641,37.747121899054385,230.91412744961218,608.0194848366002,2348.2422581846636,277.09695293953456
TONDIARPET LAKSHMI AMMAN TEMPLE,17.33798908081432,18.264530857311577,17.80125996906295,187.39537630130695,747.6942355889724,795.4095336481699,224.87445156156835
B1-Near Evra Periyar Salai,17.27333115420845,24.512396502053914,20.892863828131183,190.80340061058217,723.3779848314596,1035.2769320206226,228.9640807326986
AIRPORT BINNY MILLS,17.24409579095285,18.21607305749703,17.730084424224938,192.3234868168593,739.2887455059066,791.3824291589207,230.78818418023116
Guindy,17.177015143205107,43.32716337441865,30.252089258811875,167.7662511665824,730.9706334623235,1853.4319181428918,201.31950139989888
C-Exit,17.177015143205107,43.32716337441865,30.252089258811875,167.7662511665824,730.9706334623235,1853.4319181428918,201.31950139989888
Guindy Metro,17.177015143205107,43.327163374418646,30.252089258811882,167.7662511665824,730.9706334623236,1853.4319181428918,201.31950139989888
ST THOMAS MOUNT RAILWAY STATION,17.16218235769797,17.89194745403785,17.52706490586791,139.00924833480312,802.5065789473684,842.0114977614977,166.81109800176372
B4-Near BSNL Office,17.14511555748205,42.936349232291114,30.040732394886582,183.3445335102269,729.9148131240537,1831.86166865615,220.01344021227226
B1-Near Defence Officers Quarters,17.14511555748205,42.936349232291114,30.040732394886582,183.34453351022685,729.9148131240537,1831.86166865615,220.01344021227226
Thiruvotriyur Theradi,17.131894622844687,31.677798281798214,24.40484645232145,267.8589968562933,644.0251592999884,1255.2717323643355,321.430796227552
E1-Near Tiruvottiyur Railway Station,17.131894622844687,31.67779828179821,24.404846452321447,267.8589968562933,644.0251592999883,1255.2717323643355,321.4307962275519
MINAMBAKKAM,17.119574959528794,35.7401285440569,26.42985175179285,198.48405766671502,701.5122264311294,1458.1330243869093,238.18086920005803
PALLAVARAM RAILWAY STATION,17.10589572696579,17.76815677546842,17.4370262512171,110.03975104075423,839.0,875.4,132.04770124890507
SIMSON OR PERIYAR BRIDGE,17.057518514778398,18.21522549280548,17.636372003791937,117.67112358288732,822.1039599744518,884.2490897280295,141.2053482994648
CHENNAI AIRPORT,17.046378184134113,18.392282594912857,17.719330389523485,160.0369505290901,756.291195185715,828.1858430324763,192.04434063490814
LIFT GATE POLICE STATION,17.03059149564886,17.5793507022435,17.30497109894618,239.03637912420004,660.2675438596492,690.739417989418,286.84365494904006
Egmore Metro,17.018569351976875,24.301901816251714,20.660235584114293,178.54729696929903,723.3779848314596,1035.2769320206226,214.25675636315881
A1-Near Egmore Railway Station,16.99421078791435,24.250424185844828,20.62231748687959,178.96539780289362,723.3779848314596,1035.2769320206226,214.75847736347234
GUINDY B.T,16.988494719985617,18.262272046714042,17.62538338334983,181.70102624665503,735.8856928057271,803.5067642522907,218.04123149598604
URAPPAKKAM,16.97118438182695,110.50417194986306,63.73767816584501,285.6428410914174,623.0793650793651,4559.5310344827585,342.77140930970086
THIRUVOTRIYUR TEMPLE,16.95747914749531,18.289196306145477,17.623337726820395,221.15738442313005,687.054054054054,754.229597107438,265.38886130775603
ERANAVOOR MURUGAN TEMPLE,16.9443725418206,17.49181712619772,17.218094834009158,235.58762097106953,660.2675438596492,690.739417989418,282.7051451652834
MADHYA KAILASH,16.925929340303192,18.34148958880275,17.63370946455297,95.32110591284234,848.1818181818182,923.1147540983607,114.38532709541079
BROADWAY,16.874724054710175,17.67479909324486,17.274761573977514,148.64461274927868,769.0857142857143,813.8617179005635,178.37353529913443
KANDASWAMI NAIDU COLLEGE ANNA NAGAR,16.850417516747573,17.813110906143333,17.331764211445453,172.59496600759698,745.5754771544246,795.0334821428571,207.11395920911633
MUNDAKAKANNI AMMAN KOIL,16.800604111332014,56.789619936857854,36.79511202409493,307.2566925275943,572.2871593780384,2268.7343132042715,368.7080310331131
M.G.R.KOYAMBEDU B.T,16.79037516638228,17.6939621980434,17.24216868221284,166.28905482593083,746.2333762333762,793.9222775724463,199.546865791117
PACHAIYAPPAS COLLEGE,16.728987393796668,17.471105831769272,17.100046612782972,144.16352703370856,764.4594594594595,806.6567655749816,172.99623244045026
THIRUVOTTIYUR TEMPLE,16.710610900422882,18.03316743107738,17.37188916575013,211.29584268230306,687.054054054054,754.2295971074379,253.55501121876364
E2-Near N8 Beach,16.68371249623062,30.835464977462074,23.75958873684635,253.73674237666506,644.0251592999883,1255.2717323643355,304.4840908519981
A- Near Urban Square,16.67342338240411,47.863680347379805,32.26855186489196,222.49828817982478,596.9208636274501,1929.8627598149685,266.99794581578976
CENTRAL DENTAL COLLEGE,16.63558083785278,17.046130500340723,16.84085566909675,92.02867755138763,825.2459016393443,848.7058823529411,110.43441306166515
WOMENS POLYTECHNIC COLLEGE THARAMANI,16.60863149280435,17.98438784866478,17.296509670734565,83.02811850390536,854.7619047619048,929.6610169491526,99.63374220468643
BROADWAY LOYER SQUARE,16.606822626029587,18.369431555510566,17.488127090770078,243.78058023661197,639.1600000000001,729.777913361806,292.53669628393436
ASHOK PILLAR,16.504053106462106,17.828532680505337,17.16629289348372,203.55721172082445,686.1052631578948,753.8430476190476,244.26865406498936
PERAMBUR MANGALAPURAM,16.49572666732033,20.72492031163892,18.610323489479622,114.19587016444815,801.4980694980695,1007.8487394957983,137.03504419733778
Nandanam,16.458018081803253,44.63527562318334,30.546646852493296,141.49710082004515,753.424473394755,1956.1027459431302,169.7965209840542
CHENNAI EGMORE,16.425751656187128,25.884554197477208,21.15515292683217,206.13780469096122,652.6562763706265,1057.7257287653931,247.36536562915347
A1-Near Chennai Metros,16.40395505886544,36.368458072397814,26.386206565631625,117.52070307200532,780.5398998491585,1623.2099749059373,141.02484368640637
PATTARAVAKKAM RAILWAY STATION,16.26288806582098,20.119992623555376,18.19144034468818,82.14283945402607,835.5555555555555,1031.7759103641456,98.57140734483129
MEEANAMBAKKAM METRO,16.18292244196654,17.17419904888448,16.67856074542551,136.1418070525134,739.2887455059066,791.3824291589207,163.37016846301609
Kilpauk,16.150538163628326,18.189365984845296,17.16995207423681,276.02513618370165,559.1310219751805,657.1392447008268,331.230163420442
B2-Near EVR Periyar Road,16.150538163628323,18.189365984845296,17.16995207423681,276.02513618370165,559.1310219751805,657.1392447008268,331.230163420442
B1-Near ECO Park,16.150538163628323,18.189365984845296,17.16995207423681,276.02513618370165,559.1310219751805,657.1392447008268,331.230163420442
FORT RAILWAY STATION,16.14052303045978,16.602391400758716,16.371457215609247,87.37998850560447,815.9016393442623,842.2941176470588,104.85598620672536
A2-Near Post office Nandanam,16.129890585677973,34.63591744611349,25.382904015895726,107.95389856963261,780.5398998491585,1623.2099749059373,129.5446782835591
PARK STATION,16.114293839507983,17.68378629426125,16.899040066884616,105.70913104430714,788.9095359539201,872.1020951849232,126.85095725316859
NANDANAM METRO,16.06985713450484,17.39746371791716,16.733660426211,98.36417150786475,797.1788904078378,868.3171351320913,118.03700580943769
DMS,16.002527659135342,17.001717560044806,16.502122609590074,134.8421036533951,735.7290487421384,792.8256145083933,161.8105243840741
CHENNAI AIRPORT METRO,15.979441304826258,17.327462336329237,16.653451820577747,123.86231080524111,756.291195185715,828.1858430324763,148.63477296628932
PERAMBUR RAILWAYSTATION,15.973478383488981,20.176244487716048,18.074861435602518,95.46683660448753,801.4980694980695,1007.8487394957983,114.56020392538503
A-Near Guindy Railway Station,15.95641807663889,46.265663408900494,31.111040742769696,164.06792359136335,675.8770746868789,1971.4731055228062,196.88150830963605
LOYER SQUARE OR UNIVESITY CLUB MINERVA,15.867903543503378,17.595818838134434,16.731861190818904,213.52570500559924,639.1600000000001,729.777913361806,256.2308460067191
K.K.NAGAR E.S.I HOSPITAL,15.845996526958409,17.130492639781497,16.488244583369955,175.5922911308165,686.1052631578948,753.8430476190476,210.7107493569798
B-Towards Airport,15.843051963403212,50.81627517304862,33.32966356822592,244.40940136714158,529.5281651333116,2028.53110000734,293.29128164056993
ROHINI THEATRE,15.794382808845581,16.638772499287903,16.216577654066743,118.55888811670846,746.7831741515953,795.0340136054422,142.27066574005013
B2,15.769498079848734,24.764685301523784,20.26709169068626,232.4939569348671,593.6611090246448,985.3364945152202,278.9927483218405
THANGAL TOLLGATE,15.760484050462644,16.834959394224693,16.29772172234367,150.0865850998463,722.1479044834308,777.8397078608496,180.10390211981556
GUINDY,15.74459146874806,49.04489854761198,32.39474500818002,196.19124088124005,622.9626726574554,2047.9183418427233,235.42948905748804
A1-Near Cipet,15.741397042726119,42.623555512738434,29.182476277732277,280.9467035230122,504.2009120240305,1662.9876334881046,337.13604422761466
SAIDAPET COURT / SAIDAPET DEPOT,15.737235182115532,17.483545213445677,16.610390197780603,208.73045544618134,635.734335839599,728.4323676323677,250.47654653541758
PERAMBUR RAILWAY STATION,15.68440549129431,19.78641199444885,17.73540874287158,84.65913113128116,801.4980694980695,1007.8487394957983,101.59095735753738
PERAMBUR CARRIAGE WORKS,15.68088199861991,16.71437178577433,16.19762689219712,366.2400727570893,457.4697423939596,511.62494809762825,439.48808730850715
KATHIPARA URBAN SQUARE,15.6782726754781,17.971720833903014,16.824996754690556,281.1027068633727,559.0258980785296,672.4315838765103,337.3232482360472
B1- Towards Egmore road,15.64926671361188,24.548761119622743,20.09901391661731,186.97460478009242,660.9461611609319,1046.1777149627974,224.3695257361109
A1-Near Suburban Railway Station,15.598074072409016,22.763595403208363,19.180834737808688,234.40376330975948,584.8650301411863,905.682724301336,281.28451597171136
CHENGALPATTU JN.,15.53106390642132,26.47105028892235,21.001057097671836,225.9370241280116,586.0847107438017,1014.4441517386724,271.1244289536139
Saidapet,15.52391555796117,48.95784016316358,32.24087786056238,252.5856093086817,557.5353290233629,1974.3201997012452,303.10273117041805
A3-Near Saidapet Bus Stand,15.52391555796117,48.95784016316358,32.24087786056238,252.5856093086817,557.5353290233629,1974.3201997012452,303.102731170418
Ekkattuthangal,15.507201972079862,42.38480865154593,28.946005311812897,269.10074187294134,504.2009120240304,1662.9876334881046,322.9208902475296
AMBATTUR,15.467981565988467,33.10944548905641,24.28871352752244,340.3300083275293,478.3541093872929,1220.965690316293,408.39600999303514
SAIDAPET VETERINARY HOSPITAL,15.442750254281455,16.83890731471248,16.140828784496968,160.8962893571433,680.8538587848933,757.6474164133739,193.07554722857193
S1,15.418518946480658,25.340972259440345,20.3797456029605,203.63747573202463,626.6845672202411,1053.4523036203168,244.36497087842952
A1-Near Kilpauk Medical College,15.412760141862249,17.49873931153648,16.455749726699363,323.9772331300183,472.1266804679897,569.4226141741423,388.77267975602194
TONDIARPET APPARTMENT,15.409439846175294,16.598373537931568,16.00390669205343,13.983057437184373,867.2222222222222,935.1612903225806,16.779668924621244
KOTTURPURAM,15.405018153850298,47.84944214077928,31.627230147314787,175.7470757233442,645.7661260529334,2029.608258505871,210.89649086801305
A3- Near Central Railway Station,15.397513088290433,23.97356909662205,19.68554109245624,170.5585101321144,665.4872661452321,1041.95999735555,204.67021215853728
EKKATTUTHANGAL,15.374003469883064,16.628231406140777,16.00111743801192,157.73584675434537,686.3200568990043,753.223266446533,189.28301610521444
NEW WASHERMENPET LAKSHMI AMMAN TEMPLE,15.308333732603051,16.16947295109687,15.73890334184996,109.53399602787887,747.6942355889724,795.4095336481699,131.44079523345462
S2,15.300502006854254,22.759778653789343,19.0301403303218,195.71611488348017,629.107925576521,960.5249053096444,234.85933786017623
B3-Near Vijaya Raghava Road,15.264133981902404,20.885816541318622,18.07497526161051,209.8789071354554,634.7487180151248,914.927664523667,251.8546885625465
B1-Near AG Office,15.264133981902404,20.885816541318622,18.07497526161051,209.8789071354554,634.7487180151248,914.927664523667,251.8546885625465
A2- Near Rajiv Gandhi Hospital,15.261091232553904,18.90885283064915,17.084972031601527,161.59877173977108,670.1299452649822,834.7128958109514,193.91852608772533
THIRUMANGALAM METRO,15.221744342866991,15.878464389106623,15.550104365986808,79.20949180702024,780.3801169590644,817.9069767441861,95.05139016842428
A3-Bus Stop Towards Koyambedu,15.162402692787966,17.264418700547125,16.213410696667545,313.3415611586337,472.1266804679897,569.4226141741423,376.00987339036044
MANNADY POLICE QUARTERS,15.148777819947636,16.820723287726047,15.984750553836841,181.37618485104468,639.1600000000001,729.777913361806,217.6514218212536
GREENWAYS ROAD,15.14439653600545,41.5844029817041,28.36439975885478,137.84997854512238,690.429118873827,1802.93712837336,165.4199742541469
Airport Metro,15.119336785084695,18.050642775561126,16.58498978032291,153.25083371886768,675.1823308447393,822.7587724790798,183.90100046264124
B2-Near Central Railway Station,15.10616298069948,23.95642907052841,19.531296025613948,168.24439848716636,660.9461611609319,1046.1777149627974,201.8932781845996
Chennai Central Metro,15.106162980699478,23.95642907052841,19.531296025613944,168.24439848716636,660.9461611609319,1046.1777149627972,201.8932781845996
A2-Near Hospital,15.08973653744642,17.179630949223434,16.134683743334925,311.4324417659663,472.1266804679897,569.4226141741423,373.71893011915955
SAIDAPET VETERINARY HOSPITAL OR RAJA HOSTEL,15.08117451247056,16.460482601696516,15.770828557083538,146.40753455953157,680.8538587848933,757.6474164133739,175.6890414714379
ENNORE,15.058318036824236,16.072758382398113,15.565538209611173,275.49835734999385,521.925,577.9659763313609,330.59802881999263
B1-Near Vallalar Nagar Bus Terminus,14.955922433428892,18.970686915125796,16.963304674277342,215.75676583399027,556.1142597089706,741.5531112219957,258.9081190007883
B2-Towards Vallalar Nagar Bus Terminus,14.955922433428892,18.970686915125796,16.963304674277342,215.75676583399027,556.1142597089706,741.5531112219957,258.9081190007883
KORUKKUPET THEAGARAYA COLLEGE,14.912504595360753,15.945725970686604,15.429115283023679,113.39901786401794,721.7567567567568,777.0807926829269,136.07882143682153
SANGAM THEATRE,14.881031812088578,15.550046464886927,15.215539138487754,67.04649699201792,780.0584795321637,818.2878882634981,80.45579639042148
GUINDY RAILWAY STATION,14.786551924873,15.975283428773897,15.380917676823449,95.22195713142527,735.8856928057271,803.5067642522906,114.26634855771032
B1-Near Panagal Maligai,14.777251902755832,59.962330985319134,37.36979144403748,308.36921392315406,473.73645703063295,2400.2131232294487,370.04305670778484
Washermenpet,14.717438133961085,18.690437840076473,16.70393798701878,209.49235522500922,556.1142597089706,741.5531112219957,251.39082627001102
AG DMS METRO STATION,14.69238942154274,15.691579322452203,15.191984371997473,88.80457974847161,735.7290487421384,792.8256145083933,106.56549569816593
TEYNAMPET METRO RAILWAY STATION,14.498637604020464,15.673078087111604,15.085857845566034,55.539674904005295,775.086721671302,842.0058559034194,66.64760988480636
A1-Near Anna Nagar Tower Park,14.410133114528202,30.00454141065785,22.20733726259303,186.1537950843452,551.1423721266767,1185.7407432992538,223.3845541012142
WIMCO NAGAR,14.353750469058657,15.558782462060107,14.956266465559382,159.90200119338277,617.964400034723,685.4904338428672,191.88240143205928
ALANDUR COURT,14.231337727707068,15.276240534571919,14.753789131139493,203.71090239381408,571.3742163009404,627.6584911474674,244.45308287257689
Little Mount,14.149837227930139,66.27423562111143,40.21203642452079,281.1471741376156,474.7783295408402,2694.730756044168,337.3766089651387
A-Near Ramada Plaza,14.149837227930137,66.27423562111143,40.21203642452079,281.1471741376156,474.7783295408402,2694.7307560441677,337.3766089651387
GUINDY METRO STATION,14.123698665222152,15.307067415537015,14.715383040379583,66.10329283196545,735.8856928057271,803.5067642522907,79.32395139835852
A4-Near Spencer Plaza,14.12061222846009,22.319613615149876,18.220112921804983,275.7930460044556,451.3154746918067,803.3196946805144,330.9516552053467
Thousand Lights,14.120612228460088,22.319613615149873,18.220112921804983,275.7930460044556,451.3154746918067,803.3196946805144,330.95165520534675
A-Towards Tambaram/Koyambedu,14.11785803441282,17.206115121718845,15.661986578065832,132.0385205866701,653.9395330411504,821.3373968579521,158.44622470400412
LIC,14.057813530832526,18.94782519773855,16.50281936428554,169.94192719909117,603.6445632537291,825.6913439295422,203.93031263890938
CHENNAI CENTRAL SUBURBAN ,14.014250739562105,26.127547871488396,20.070899305525252,213.67013428835267,542.1482439707459,1068.6166232424148,256.40416114602317
Anna Nagar East,13.978047813947036,22.55121321954639,18.264630516746717,293.8274265524237,434.4869012608953,815.7043346493783,352.5929118629084
B3- Near Raja Annamalai Mandram,13.976559767795761,21.334086998258737,17.65532338302725,253.05849964634533,490.0695123518464,813.0898879849832,303.6701995756144
TONDIARPET AGASTHIYA THEATRE,13.915081316266654,14.770281817519786,14.34268156689322,43.591503837124556,747.5939849624059,796.4625850340136,52.30980460454946
CHENNAI FORT,13.868063033513192,19.97557538957814,16.921819211545664,264.79633267901534,470.2406114148792,738.7871961478584,317.75559921481835
A3-Near Amma Arangam,13.854514349093687,23.640883623556807,18.74769898632525,244.50123709775033,471.2414243702172,896.4236647827172,293.4014845173004
A2-Near Valliammal College,13.850490611387063,23.587474760964646,18.718982686175853,242.54187951642592,471.2414243702172,896.4236647827172,291.0502554197111
CHENNAI PARK,13.83829921025973,26.430812161556236,20.13455568590798,215.86186098364047,530.8525690986534,1075.8523762119241,259.0342331803686
TIRUSULAM,13.767534340059072,18.342520311458895,16.05502732575898,195.33711110671152,556.7960554199065,770.5982117607789,234.40453332805382
A1-Near Express Avenue Mall,13.747794508506718,22.056086560031574,17.901940534269144,259.9376500411137,451.3154746918067,803.3196946805144,311.92518004933646
A2-Near Anna Tower Park,13.60933811561585,29.505715464203178,21.557526789909513,156.22423829706517,551.1423721266767,1185.7407432992538,187.4690859564782
THERADI,13.57168013897343,14.747252142407651,14.15946614069054,83.77197720494685,687.054054054054,754.229597107438,100.5263726459362
LITTLE MOUNT,13.485522727437518,15.11519937031351,14.300361048875512,116.93313506436887,635.734335839599,728.4323676323677,140.31976207724261
TIRUVOTTIYUR RAJA KALADI,13.467964464309224,14.446941759281495,13.95745311179536,48.57153839375587,721.8981481481482,777.8397078608496,58.28584607250705
A3-Near Shanthi Colony,13.428581406385954,29.385619699953498,21.407100553169727,149.01849244208412,551.1423721266767,1185.7407432992538,178.82219093050094
A3-Towards T.Nagar,13.428258222138108,28.906345090016657,21.16730165607738,183.83980282943887,557.184225476321,1229.3579763386724,220.60776339532663
Teynampet,13.428258222138108,28.906345090016657,21.167301656077377,183.83980282943887,557.184225476321,1229.3579763386722,220.60776339532663
WASHERMANPET,13.371540105060225,16.523168513780377,14.9473543094203,257.8489524166706,457.21288714112654,608.2691241651066,309.41874290000476
THIRUVOTTIYUR AJAX,13.33715378373018,14.309349627830093,13.823251705780137,41.65283813492191,722.4537037037038,778.0077519379844,49.98340576190628
CHENNAI PARK TOWN,13.32126221637154,18.301426659343093,15.811344437857317,188.10782280860363,534.4044335718276,756.7998240010486,225.72938737032433
LITTLE MOUNT METRO,13.291399313829164,14.913614870202613,14.102507092015887,107.71133246904166,635.734335839599,728.4323676323677,129.25359896285
A2-Near Defence Estate Office,13.173386485113989,28.57947451002356,20.876430497568773,176.56632817406592,557.184225476321,1229.3579763386724,211.87959380887912
THIRUVOTTIYUR AJAX BUS DEPOT,13.165080511538434,14.137276355638349,13.651178433588392,31.32844180341718,722.4537037037038,778.0077519379844,37.59413016410062
B2-Near Anna Nagar Roundana,13.039601075389976,23.018079270026142,18.02884017270806,210.73389450295176,471.2414243702172,896.4236647827172,252.8806734035421
E1-Near Kaladipet market,12.956671394649437,14.726951573221426,13.84181148393543,284.9506024055583,392.9497650938481,478.04590241266123,341.9407228866699
NEMILICHERRY HALT,12.928949376148633,18.966250316759613,15.947599846454125,275.67846456549194,448.66379310344826,727.1069518716578,330.81415747859035
A2-Near Dakshinamoorthy Kovil,12.906373188453346,16.2816821509871,14.594027669720221,235.93534995502492,465.16556167336904,630.504883954089,283.1224199460299
B2-Near Rangoon Street,12.846961209039426,28.91122947477098,20.879095341905202,139.65106359610837,584.5921210925752,1291.7795717191368,167.58127631533006
TIRUVOTTIYUR ITC,12.82938239780654,13.362640195077494,13.096011296442017,70.98801521050726,660.2675438596491,690.739417989418,85.1856182526087
Ashok Nagar,12.778448269410102,36.96372796305652,24.87108811623331,253.4954529856259,411.98485054111256,1451.6201468924457,304.19454358275107
C-Near ESI Hospital,12.7784482694101,36.96372796305652,24.87108811623331,253.4954529856259,411.98485054111256,1451.6201468924457,304.19454358275107
D-Near BHEL Staff Quarters,12.75756676801041,36.965023337628345,24.861295052819376,252.3203591007291,411.98485054111256,1451.6201468924457,302.78443092087485
UDHYAM THEATER OR ASHOK PILLAR,12.607192893432238,13.792604121502412,13.199898507467328,36.02104729014481,686.1052631578948,753.8430476190476,43.22525674817375
PERAMBUR,12.560261241465081,24.26449436528985,18.412377803377463,196.2963306738708,461.9860565376167,955.339948872146,235.55559680864496
B1-Near SIET college,12.537589082622599,30.37298235154462,21.45528571708361,87.1116153995358,623.4707729525377,1406.8608127484952,104.53393847944295
B-Near Chennai Park Inn,12.528233125132463,15.648861544067246,14.088547334599856,335.7233824817141,346.18248720560825,485.29480732763074,402.86805897805687
B3-Near Kandhaswamy College,12.473541783123878,22.53953958707237,17.506540685098123,185.58034595197108,471.2414243702172,896.4236647827172,222.6964151423653
TARAMANI,12.470893392068204,19.508333225761916,15.98961330891506,274.9742468224,408.9693750724924,714.0121998446701,329.96909618687994
MANDAVELI,12.413277623493803,29.164467769780856,20.78887269663733,120.62947224913303,578.1903824295084,1314.2714472925975,144.75536669895965
C-Near MMDA Colony,12.39193583181367,15.426080801997234,13.909008316905451,330.27847839366825,346.1824872056082,485.2948073276308,396.3341740724019
Arumbakkam,12.39193583181367,15.426080801997232,13.909008316905451,330.2784783936683,346.1824872056082,485.29480732763074,396.33417407240194
THIRUVOTTIYUR I.T.C,12.284936124076792,12.818193921347747,12.551565022712268,43.81524639197587,660.2675438596492,690.739417989418,52.57829567037104
E2-Near Thangal Bus Stop,12.103508796640805,15.599280153776018,13.85139447520841,310.6870479077165,324.4272303156242,481.6534748576265,372.82445748925977
A4-Near Beach Station,12.052717086997376,21.084792393794828,16.568754740396102,279.29521991729166,377.1738671485012,769.753238960516,335.15426390075
MINJUR,11.984439736041264,15.211512238664728,13.597975987352996,247.5275069898872,428.027027027027,584.4153225806451,297.03300838786464
A1-Near Veterinary Poly clinic,11.932451067721532,62.69813194749542,37.31529150760848,182.91734194988027,466.8781285674115,2616.8868456942237,219.50081033985634
A1-Near Anna Salai,11.794592002626558,21.871211803413477,16.83290190302002,222.97980985574273,427.58519007569475,870.523221609038,267.5757718268913
E1-Near ITC Company,11.733503487470808,20.14447116658012,15.938987327025464,222.8441101670176,397.1284369871726,778.4191002588468,267.4129322004211
Wimco Nagar Depot,11.733503487470808,20.14447116658012,15.938987327025464,222.84411016701756,397.1284369871726,778.4191002588468,267.4129322004211
E3-Near N4 BeachKasimedu Fishmarket,11.679362572275693,15.197273463484102,13.438318017879897,317.65303533655526,304.4988265261712,464.30393335756605,381.18364240386626
TIRUVALLUR,11.640799342141623,15.367239940832217,13.50401964148692,305.233026963676,357.1621621621622,535.6967213114754,366.2796323564111
A3-Near Pass Port Office,11.565152894092678,21.624759787058135,16.594956340575408,213.45681787808743,427.58519007569475,870.523221609038,256.14818145370486
A2-Near Yes Bank,11.508822074061937,21.54234188301965,16.525581978540792,210.8357690473807,427.58519007569475,870.523221609038,253.00292285685683
High Court,11.466518356526633,21.155811302603926,16.31116482956528,227.503392777077,402.0444811265398,824.6479127624594,273.0040713324924
A1-Near Madras Law College,11.466518356526631,21.155811302603926,16.31116482956528,227.503392777077,402.0444811265398,824.6479127624593,273.0040713324924
CMBT Metro,11.447132013482696,19.885379762272997,15.666255887877847,297.6489382801445,318.50802927213834,672.956462142936,357.17872593617335
D-Near KSRTC Boarding Point ,11.447132013482696,19.885379762272997,15.666255887877847,297.6489382801445,318.50802927213834,672.9564621429361,357.17872593617335
Tollgate Metro,11.4362373686688,15.004216539257436,13.22022695396312,311.66009001924823,305.51763615783506,465.0425240931664,373.99210802309784
E1-Near Thangam Mahal,11.4362373686688,15.004216539257438,13.220226953963119,311.66009001924823,305.51763615783506,465.0425240931664,373.99210802309784
C- Near Koyambedu Bus Stand,11.416354684508235,19.8435597404005,15.629957212454368,294.9894537191873,318.50802927213834,672.9564621429361,353.9873444630247
E2-Near Rohit Hospital,11.377049064765604,13.30416302760747,12.340606046186537,263.3555029767109,342.2447416032329,435.85049265392735,316.02660357205315
Kaladipet,11.377049064765602,13.304163027607471,12.340606046186537,263.35550297671097,342.24474160323285,435.85049265392735,316.02660357205315
A3-Near Sowcarpet,11.284295068652426,20.98062155310683,16.132458310879628,217.30728096457563,402.0444811265398,824.6479127624593,260.76873715749076
E3-Near Sathangadu Road,11.22562284986342,14.069265038975708,12.647443944419564,279.17599719635376,331.48731450096267,459.9850632518221,335.01119663562446
B-Opposite CMBT Bus Terminus,11.1925395502126,19.668283530853188,15.430411540532894,285.0971049325975,318.50802927213834,672.9564621429361,342.116525919117
VELACHERY,11.11881279726216,19.6946841782369,15.40674848774953,344.0517267102952,282.45497444417526,632.3127293429243,412.8620720523542
B1-Near Fort Railway Station,10.89824031258637,20.500770601833686,15.69950545721003,205.16388696993747,402.0444811265398,824.6479127624593,246.19666436392495
A-Near Koyambedu Market,10.86882598744649,19.430774666381737,15.149800326914114,272.0038418950128,318.50802927213834,672.9564621429361,326.40461027401534
ALANDUR METRO R.S,10.843266109988244,12.827865611452905,11.835565860720575,60.4486661062828,559.0258980785296,672.4315838765103,72.53839932753935
A3-Near Government School,10.729247570313818,18.84538932180515,14.787318446059484,220.7163985889136,400.6381051651555,819.7708402274042,264.8596783066963
B2- Near Muthusamy Road,10.65429999036821,20.246321597698557,15.450310794033385,193.88927700426714,402.0444811265398,824.6479127624593,232.66713240512055
A1-Near Thiru Vi Ka Park,10.615507298747714,18.7102458469653,14.662876572856508,214.36799117899554,400.6381051651554,819.7708402274042,257.24158941479465
A2-Near Corporation Regional Office,10.615507298747714,18.7102458469653,14.662876572856508,214.36799117899554,400.6381051651554,819.7708402274042,257.24158941479465
KODAMBAKKAM,10.382208924345699,18.120999613852952,14.251604269099326,317.5811811418668,268.0417783033624,606.6121659055768,381.0974173702401
KATHIVAKKAM,10.10919997643329,14.029628601809318,12.069414289121303,208.04264280361355,370.51526326933936,568.7219399087346,249.65117136433622
E3-Near M.M. Theatre,9.91397493055486,12.131664347082427,11.022819638818643,268.3828782625525,286.03704694686905,401.1797622007424,322.059453915063
B-Near NEXUS Mall,9.444344456645025,13.410700085961603,11.427522271303314,255.2827371644571,281.5462936221613,473.1072499075591,306.33928459734847
Vadapalani,9.444344456645025,13.410700085961603,11.427522271303316,255.28273716445707,281.5462936221613,473.10724990755915,306.33928459734847
A-Near SIMS Hospital,9.381070902240124,13.338122008980731,11.359596455610427,251.90020198342123,281.5462936221613,473.10724990755904,302.28024238010545
C-Near Vadapalani Murugan Temple,9.381070902240122,13.338122008980731,11.359596455610427,251.90020198342123,281.5462936221613,473.1072499075591,302.28024238010545
D-Near Vadapalani Murugan Temple,9.212322750878538,13.13627580034413,11.174299275611334,243.38418336145062,281.5462936221613,473.10724990755904,292.06102003374076
B2-Near Tamilnadu Police Quarters,8.954220767169996,17.704161278318736,13.329191022744366,286.79067045773775,209.19897823468455,594.2564587688677,344.1488045492853
E4-Near H3 Police Stationparking,8.940356327441988,11.517467635108817,10.228911981275404,263.77084686894364,247.58818230501436,376.20434287878237,316.5250162427324
INDRA NAGAR,8.900811997287217,65.70065317215281,37.30073258472001,71.85016952030816,437.1472743930371,2819.2276388655814,86.2202034243698
Tondiarpet,8.822599218496286,11.496342397087513,10.1594708077919,239.71395943401032,264.0793534766923,398.2489087937173,287.65675132081236
E1-Near Akasthya Apartments,8.822599218496284,11.496342397087513,10.1594708077919,239.71395943401035,264.0793534766923,398.2489087937173,287.65675132081236
B3-Near Sangam Cinemas,8.782164970457364,17.58754224415649,13.184853607306927,279.59000779954454,209.19897823468455,594.2564587688676,335.50800935945347
Pachaiyappa's College,8.771277227889327,18.11962054044198,13.445448884165652,238.8986003700259,265.7767491414262,703.8156775355825,286.678320444031
A2-Towards Central,8.771277227889327,18.11962054044198,13.445448884165652,238.89860037002586,265.77674914142614,703.8156775355825,286.67832044403104
B1-Near Nehru Park,8.728459548506457,17.547815862452225,13.138137705479341,277.24175969839246,209.19897823468455,594.2564587688676,332.69011163807096
B2-Near Pachaiyappa's College,8.699900749586448,22.455531307918392,15.577716028752421,213.76281764317642,281.85045740019035,868.7262937588155,256.51538117181167
E2-Near Apollo Hospitals Tondiarpet,8.654508308569365,11.142209539768073,9.89835892416872,250.28165348337126,247.54042705069276,374.61966915131325,300.3379841800455
B3-Near St.George School,8.638826750585066,23.8353399210697,16.237083335827382,208.66324357828563,277.99143183398377,927.7387503323089,250.39589229394275
B1-Near Lingi Cheety Street,8.565739410714016,10.817680337584685,9.69170987414935,239.173032390348,258.19369771210097,376.2973070496012,287.0076388684176
A1-Near Avadi Road (Lift),8.554700147048786,20.02397417338024,14.289337160214512,232.1430938034291,261.4121841019704,751.7412159161779,278.571712564115
BASIN BRIDGE JN.,8.487304748269667,10.441490437514235,9.464397592891952,231.89658580119567,245.54965340012552,350.92877962615813,278.27590296143484
B1-Near Pachaiyappa's College,8.446444279696196,23.667001684302402,16.056722981999297,199.53460275108503,277.99143183398377,927.7387503323089,239.441523301302
A1-Near Mannadi Street,7.822176423665349,9.837707239504999,8.829941831585174,206.40210029759737,249.0187178848071,359.00799744836513,247.68252035711686
Mannadi,7.795837902188218,9.816487060564755,8.806162481376486,205.41590005356161,249.0187178848071,359.00799744836513,246.49908006427395
AVADI,7.774373169749969,9.837059794707974,8.805716482228972,252.40789673281964,201.769068115406,311.6029226238942,302.8894760793836
E3-Near Maharani Theatre,7.51275176097608,9.353823715685087,8.433287738330582,205.22644174032447,210.13357430207262,301.3927876447812,246.27173008838935
A1-Towards Airport And Tambaram,7.2281644747707725,9.914189282856995,8.571176878813885,310.26085020839236,117.55144597890859,261.5082381161018,372.3130202500708
Nanganallur Road,7.225387915204839,9.974964256646205,8.600176085925522,309.5671635832552,117.5514459789086,261.5082381161018,371.48059629990627
ROYAPURAM,6.9626253674822145,8.523985210584065,7.74330528903314,312.82907211160136,99.93185708317287,186.06718754360168,375.3948865339216
Thiyagaraya College,6.746310316082515,8.110752123242484,7.428531219662499,300.3908082314593,99.41696260332535,176.11468266856144,360.4689698777511
E4-Near Bombay Hotel,6.746310316082515,8.110752123242484,7.4285312196625,300.3908082314593,99.41696260332536,176.11468266856147,360.4689698777511
C-Near Koyambedu Market,5.847723406195915,7.542321306216805,6.69502235620636,252.48601374773455,93.69275297525749,190.44373658761972,302.98321649728143
CHENNAI BEACH JN.,5.687160273608634,7.397905913416926,6.54253309351278,225.68425123505864,109.99023084345251,205.21053196751026,270.82110148207033
E2-Near Thiruvotriyur Bus Depot,5.551543319069801,7.091668753572982,6.321606036321391,226.324487078558,101.68391625298102,188.57034733642095,271.5893844942696
E1-Lift,5.5515433190698005,7.091668753572982,6.321606036321391,226.324487078558,101.68391625298102,188.57034733642095,271.5893844942696
B-Near Koyambedu CMDA Building,5.479993142036514,7.1770645056995095,6.328528823868012,230.42219789817045,93.69275297525749,190.44373658761972,276.50663747780453
Thiruvotriyur,5.032111424048419,6.622466941462247,5.827289182755333,191.99428023244172,104.6975287718699,194.40585892894237,230.39313627893006
E3-Near TNEB Office,5.032111424048418,6.622466941462247,5.827289182755332,191.99428023244172,104.69752877186991,194.40585892894234,230.39313627893006
A-Towards Maduravoyal / Poonamalle,4.851462554981322,6.546016608208666,5.698739581594994,192.71036267485894,93.69275297525749,190.44373658761972,231.25243520983074
Koyambedu,4.3210151080229915,6.017242040823473,5.169128574423232,160.88351585735907,93.6927529752575,190.44373658761972,193.06021902883086
D-Towards Kurungaleeswarar Temple,4.282861274907088,5.977705731752728,5.130283503329908,158.59428587040486,93.69275297525749,190.44373658761972,190.31314304448583
E2-Near Sir Thiyagaraya College,3.9777080926639057,5.315713688589711,4.646710890626808,134.34029428836402,99.35446787759076,175.8119305019225,161.20835314603684
